job_index,replicate_index,seed,nll,mse,mae,r2
0,0,3023998541,2.876520998394715,13.953588485717772,2.582760095596313,0.9517592191696168
0,1,2970908266,2.5522773599824644,11.512566566467283,2.4644038677215576,0.95949524641037
0,2,2253905059,2.511972595216436,10.922402381896973,2.46999740600586,0.9623942971229552
0,3,2199221172,2.6228745938289064,11.03914737701416,2.4420864582061768,0.9616222381591796
0,4,1192768812,2.5836140742607814,11.918086051940918,2.5763421058654785,0.9591126441955566
0,5,1676973821,2.5950911384581685,11.814257621765137,2.462221145629883,0.9603678584098816
0,6,810907239,2.785534902954156,15.447813034057615,2.593535184860229,0.9480249285697936
0,7,729266704,2.5594105851020106,11.86333465576172,2.5192291736602783,0.9572554230690002
0,8,3280173817,2.7946821813257503,15.075665473937988,2.6347615718841557,0.9462106823921204
0,9,2939642204,2.567245292636705,12.71401309967041,2.327475547790528,0.9568231105804444
1,10,3290936230,2.741472326303567,14.158384323120115,2.6343297958374023,0.9535866975784302
1,11,2737152525,2.7243655683708834,12.64867877960205,2.5174031257629395,0.9546821713447572
1,12,1158480471,2.7841122235516447,14.461311340332031,2.712977886199951,0.9473426342010498
1,13,1585093229,2.761780604574433,12.157508850097656,2.481043100357056,0.9585753679275512
1,14,1737871151,2.6070346979334493,11.451010704040527,2.497236728668213,0.9613911509513856
1,15,3954553534,2.604530827949277,11.546463966369627,2.4950473308563232,0.9610477089881896
1,16,1425963406,2.6379463944957027,12.266108512878418,2.606659173965454,0.9599125981330872
1,17,3083227987,2.5921407975412123,13.079129219055176,2.5108253955841064,0.9557289481163024
1,18,4239650843,2.7285166847157907,14.18380641937256,2.515263795852661,0.9492387771606444
1,19,1229091904,2.674850645795064,13.917542457580566,2.658831834793091,0.9539421796798706
2,20,537266697,2.612965641949549,12.605499267578123,2.4944536685943604,0.9562080502510072
2,21,1451639359,2.6646625849384744,13.814295768737791,2.4852938652038574,0.9502211213111876
2,22,3207221960,2.899634632846662,15.85098361968994,2.6640074253082275,0.9480260014533995
2,23,690637451,2.936340675397599,13.188182830810549,2.512546300888061,0.955364465713501
2,24,1345078318,2.616679188701071,13.254705429077148,2.592503309249878,0.9543204307556152
2,25,2205632966,2.859922124694521,14.576823234558104,2.587495803833008,0.9503719806671144
2,26,1033146440,2.674780095861741,13.389610290527344,2.657444953918457,0.9542352557182312
2,27,1055249306,2.5483622490959723,10.571318626403809,2.4902634620666504,0.9640105962753296
2,28,3331008880,2.642995225228157,11.180373191833496,2.4232685565948486,0.96284419298172
2,29,3955827539,2.964541457670621,16.3245849609375,2.649585485458374,0.9475155472755432
3,30,2969694526,2.586850289677408,11.463949203491213,2.427121162414551,0.9590268731117249
3,31,3262219992,2.8215699299204053,17.152568817138672,2.6516404151916504,0.9378621578216552
3,32,3100940326,2.6361315334236286,11.495708465576172,2.5563151836395264,0.9587310552597046
3,33,944020645,2.6534347237607405,12.079951286315918,2.5242435932159424,0.958239495754242
3,34,3055465740,2.6085606211525314,11.796244621276855,2.5589816570281982,0.9579445719718932
3,35,2578858300,2.7180543404473494,13.45100212097168,2.7074949741363525,0.952242076396942
3,36,3915299906,2.53196382052218,11.53644847869873,2.496945381164551,0.960457682609558
3,37,91750999,2.653337481688858,11.739885330200195,2.5033442974090576,0.9599080085754396
3,38,2932568576,2.546464353203699,9.96050262451172,2.3656067848205566,0.9660507440567015
3,39,4050454647,2.502955843630833,10.33323574066162,2.41528058052063,0.9637807607650756
4,40,278071048,2.8235041445265483,14.213329315185549,2.575759172439575,0.9502034187316896
4,41,413184257,2.744871607469445,14.303054809570312,2.597863912582397,0.9526461958885192
4,42,159308872,2.820864578653983,11.91503620147705,2.474655866622925,0.9600277543067932
4,43,2590685560,2.509854094697124,10.224772453308104,2.4518775939941406,0.9642661213874816
4,44,3058099113,2.654556317556477,12.93382740020752,2.60090708732605,0.954838752746582
4,45,179468956,2.5994864971638805,10.84450912475586,2.450891733169556,0.9629682898521424
4,46,706304797,2.6061241790418195,11.365742683410645,2.464632749557495,0.9611496329307556
4,47,2080879716,2.496931919175999,10.162245750427246,2.44685435295105,0.9653696417808532
4,48,4063089506,2.506432472022894,10.490506172180176,2.4408152103424072,0.9640533328056335
4,49,2116502769,2.638595561167059,13.00107765197754,2.5145342350006104,0.9547039270401
5,50,1963565702,2.5522848978411017,10.463915824890137,2.454233169555664,0.9634235501289368
5,51,934079125,2.594783639532211,12.096904754638672,2.6206769943237305,0.9592645168304444
5,52,3645204921,2.579318743665308,11.132638931274414,2.4611153602600098,0.9614800214767456
5,53,3948928814,2.556384876372898,11.229494094848633,2.462610960006714,0.9618093967437744
5,54,2285816066,2.6070327794433337,13.169999122619627,2.6402342319488525,0.95535808801651
5,55,3420810372,2.696448628050312,13.921040534973145,2.6298980712890625,0.9541871547698976
5,56,3714586230,2.588040896013741,11.889912605285645,2.5435473918914795,0.9604950547218324
5,57,3501670924,2.835845510348917,15.269353866577148,2.713694334030152,0.9437612295150756
5,58,2561274638,2.5374825764612403,10.951944351196287,2.4177908897399902,0.96149480342865
5,59,3596263970,2.665157957324755,12.631258964538574,2.518754482269287,0.9565097093582152
6,60,1915444705,2.542038254958342,10.781617164611816,2.3981502056121826,0.962252140045166
6,61,1493519098,2.5542024819519806,12.209317207336426,2.479921817779541,0.957132875919342
6,62,3516507278,2.7223386588693304,15.020334243774414,2.6084678173065186,0.949385702610016
6,63,1650515144,2.782104715491601,12.283000946044922,2.4500067234039307,0.9581403136253356
6,64,2408421384,2.5694242186862244,11.332926750183104,2.4850335121154785,0.9639150500297546
6,65,1667392290,2.6001236264849905,11.790609359741213,2.549006223678589,0.9604244828224182
6,66,1269695707,2.654866071037075,12.991345405578612,2.567842960357666,0.9559893012046814
6,67,657310541,2.578600306918826,13.17681884765625,2.5161471366882324,0.9523664712905884
6,68,2711762375,2.610363739808565,11.783345222473145,2.57639741897583,0.9608114957809448
6,69,1039086296,2.5695410154671907,12.356879234313965,2.4795942306518555,0.956857979297638
7,70,3678877468,2.585809929457286,11.760744094848633,2.455851793289185,0.9567018151283264
7,71,2062878228,2.639214830826419,12.781740188598633,2.5488393306732178,0.9532486796379088
7,72,530078006,2.6769573225509573,12.652682304382324,2.5128936767578125,0.9572425484657288
7,73,2789761457,2.8556813677512065,13.22391128540039,2.5018389225006104,0.9552096128463744
7,74,3028903399,2.8755649029774237,13.23605251312256,2.5387110710144043,0.9544988870620728
7,75,210030530,2.5778852458152137,11.60883331298828,2.5451483726501465,0.9588791728019714
7,76,3514119865,2.6799815546375942,13.045422554016112,2.532086133956909,0.954484522342682
7,77,2240479225,2.8387570397070605,14.4031400680542,2.6423449516296387,0.950002670288086
7,78,1244774550,2.717016363146566,12.004749298095703,2.49194073677063,0.9597055912017822
7,79,967964351,2.6207864726818184,13.545872688293455,2.615351438522339,0.9539690017700196
8,80,2407966284,2.6142561755819966,13.457507133483888,2.599699020385742,0.953356683254242
8,81,74868278,2.6286369442676736,14.476343154907228,2.583361864089966,0.9515404105186462
8,82,1055212224,2.630673588682463,12.230048179626465,2.52904748916626,0.9577780961990356
8,83,1479170242,2.809135223498585,16.359683990478516,2.68257999420166,0.947147786617279
8,84,675334903,2.602507995251768,13.112975120544434,2.6458864212036133,0.9556311964988708
8,85,1152669540,2.861049536287054,14.562864303588867,2.596092462539673,0.9492664933204652
8,86,3635548185,2.715469138632744,14.34084129333496,2.5916030406951904,0.9518917798995972
8,87,1956780950,2.627784313980549,13.01651668548584,2.6479732990264893,0.9562724232673644
8,88,555757192,2.593891886665295,11.901357650756836,2.606733083724976,0.9599960446357728
8,89,186111694,2.720630896976739,13.058235168457031,2.609128475189209,0.9562389254570008
9,90,3672460092,2.873178381190393,16.302936553955078,2.709085464477539,0.9442963600158693
9,91,809752976,2.569319982643688,11.753691673278809,2.519649028778076,0.957447588443756
9,92,3196180341,2.6794042813335457,13.20118522644043,2.52011513710022,0.9536243081092834
9,93,448152410,2.9054712027781155,14.216019630432127,2.6492159366607666,0.9528983235359192
9,94,801436037,2.7495890522940383,13.807944297790527,2.7376506328582764,0.952763557434082
9,95,804473071,2.568573901445743,11.714043617248535,2.500964879989624,0.9575679302215576
9,96,2813460119,2.731229845724781,12.611242294311523,2.5296075344085693,0.9584203362464904
9,97,1021069865,2.681417256300882,14.70643711090088,2.674140214920044,0.9486235976219176
9,98,372834009,2.7943412393140736,13.232969284057615,2.622603178024292,0.9554088711738586
9,99,3641765408,2.658391197916318,12.35415267944336,2.509328842163086,0.9562166929244996
10,100,540044574,2.5968982840576045,13.07357406616211,2.475033760070801,0.9563747644424438
10,101,1847199097,2.5259751027374797,10.750327110290527,2.4725282192230225,0.9626181721687316
10,102,2223725863,2.721815535841651,14.78626537322998,2.552748203277588,0.946370005607605
10,103,3729486703,2.6902150053750638,13.22010898590088,2.6213912963867188,0.9530272483825684
10,104,1091645712,2.502668302224667,10.251879692077637,2.3749477863311768,0.9643216729164124
10,105,316933584,2.72822278529951,13.383864402770996,2.6869637966156006,0.956745445728302
10,106,1373679982,2.560262200848872,11.611701965332031,2.559855699539185,0.9596047401428224
10,107,952793086,2.84762656546949,14.423544883728027,2.5645558834075928,0.9476803541183472
10,108,188197910,2.7147946058578336,13.671178817749023,2.6607143878936768,0.9533323645591736
10,109,3416052988,2.7567874746885224,17.87761688232422,2.7150611877441406,0.943674385547638
11,110,965698773,2.496507108223504,10.959519386291504,2.394866943359375,0.9603905081748962
11,111,2279545619,2.553327686292321,11.282609939575195,2.4855189323425293,0.9606959223747252
11,112,1857128640,2.535468353242751,10.532256126403809,2.4559807777404785,0.9629266262054444
11,113,2153269228,2.570429033113836,11.371797561645508,2.511138677597046,0.9590203166007996
11,114,2312678199,2.5556554105512626,11.078248023986816,2.4792442321777344,0.9626216292381288
11,115,586077258,2.5455591651515634,11.0509033203125,2.430395126342773,0.963072955608368
11,116,54375654,2.5614694396485302,11.576213836669922,2.6184701919555664,0.960529625415802
11,117,2551889786,2.660351890505733,12.171309471130373,2.530535697937012,0.9591324925422668
11,118,878419935,2.63703378790513,11.866543769836426,2.505575180053711,0.9580888748168944
11,119,1449367758,2.8299822511442474,13.392118453979492,2.5826213359832764,0.9529245495796204
12,120,886167692,2.590104293798777,11.200897216796877,2.548276662826538,0.9607463479042052
12,121,3337421545,2.73583433343024,13.54552173614502,2.5808537006378174,0.95043283700943
12,122,2944306928,2.6713881890471454,13.891817092895508,2.4813902378082275,0.9497963190078736
12,123,1275253249,2.75868924343339,13.436744689941406,2.53891396522522,0.9555060267448424
12,124,1254900738,2.869288529143903,13.34730339050293,2.558521270751953,0.9542017579078674
12,125,1396001794,2.599702904473055,11.514251708984377,2.524619579315185,0.9605807662010192
12,126,1587778639,2.549941943080345,11.240777015686035,2.511533498764038,0.9626554250717164
12,127,3481920480,2.539555185003462,11.160888671875,2.485789060592652,0.9613179564476012
12,128,282990242,2.621058474233009,12.292025566101074,2.5422096252441406,0.9573943614959716
12,129,3737917922,2.6177759718890647,12.874518394470217,2.5992891788482666,0.9529571533203124
13,130,3799479102,2.638004542053169,12.083251953125,2.426945209503174,0.9589176774024964
13,131,910388160,2.744741496294432,12.04766845703125,2.4528040885925293,0.9600605964660645
13,132,1539694843,2.759279453644687,11.628216743469238,2.4591434001922607,0.9619402885437012
13,133,3052951059,2.5728657039184624,10.974905967712402,2.4860424995422363,0.963093638420105
13,134,1468994193,2.5894564501258457,11.443035125732422,2.520890235900879,0.9594224691390992
13,135,1551796065,2.5299725663995325,10.595467567443848,2.3947083950042725,0.9642398357391356
13,136,1003808524,2.643590928109124,12.942480087280272,2.559876680374145,0.9540425539016724
13,137,1192978054,2.5932374372793867,11.57048511505127,2.517271041870117,0.9588267207145692
13,138,3883716869,2.6019484029001245,11.527739524841309,2.544912576675415,0.961034893989563
13,139,4065141595,3.027440883488754,14.80116081237793,2.5904746055603027,0.948570430278778
14,140,1370745599,2.717187150502125,12.818314552307127,2.561372995376587,0.9561740756034852
14,141,3599152685,2.734570019008,14.813941955566406,2.6114754676818848,0.9498189687728882
14,142,825506514,2.804219849035968,14.735262870788574,2.6369564533233643,0.9511430859565736
14,143,1506734644,2.603000706805421,11.258398056030272,2.445967674255371,0.9614837169647216
14,144,2051368520,2.722549171203172,13.262164115905762,2.5374152660369877,0.9538539052009584
14,145,1135121134,2.935565861048608,12.89017391204834,2.5189168453216557,0.9543553590774536
14,146,3247958186,2.663796429800904,12.157954216003418,2.556726455688477,0.955224871635437
14,147,1104587188,2.6051000844626677,12.196003913879396,2.477216958999634,0.9580779671669006
14,148,2526048893,2.6322986734160736,13.995880126953123,2.692116498947144,0.9519831538200378
14,149,3256652650,2.5629459591821915,10.33542537689209,2.4172568321228027,0.9651431441307068
15,150,1935092510,2.5951447280462374,13.317893981933594,2.5802102088928223,0.9530494809150696
15,151,3515231317,2.5649241637732523,11.575037002563477,2.5116543769836426,0.9617059826850892
15,152,2262924029,2.6436214411716703,11.343009948730469,2.5024733543396,0.9609429240226746
15,153,2351675823,2.535702319362259,11.587590217590332,2.568420171737671,0.9608232975006104
15,154,3658242781,2.6898288517894864,12.338111877441406,2.585592746734619,0.9584547877311708
15,155,1951074687,2.942617267680195,15.162002563476562,2.5982506275177,0.9496405124664308
15,156,3359871613,2.6806094688697866,13.05932903289795,2.6270127296447754,0.9578593373298644
15,157,2772057591,2.5644418050493982,11.4664945602417,2.5298213958740234,0.9612139463424684
15,158,4155537409,2.612785962513454,13.103111267089844,2.580096244812012,0.9572170972824096
15,159,542334995,2.6229502808062395,12.817733764648438,2.690103769302368,0.9579115509986876
16,160,2565195233,2.6422223440656696,12.89443588256836,2.5749685764312744,0.9558976888656616
16,161,1332863020,2.564922517398477,11.461883544921877,2.386926651000977,0.9587801694869996
16,162,3657688770,2.708847072450612,15.977839469909668,2.7161810398101807,0.9472372531890868
16,163,973043581,2.6064617350828705,11.877795219421388,2.5170047283172607,0.9590462446212769
16,164,3479027946,2.6410548756122982,12.452207565307615,2.623605966567993,0.9587132334709167
16,165,1038385098,2.640447120446897,12.26567840576172,2.6417441368103027,0.9573317766189576
16,166,901711320,2.626181654012796,12.794270515441896,2.600464344024658,0.9569270014762878
16,167,3444064898,3.015538797809104,15.577729225158691,2.590916156768799,0.946841835975647
16,168,3022196468,2.5470956447051205,10.9409818649292,2.484682559967041,0.9637330770492554
16,169,962317694,2.581763057583166,11.488277435302734,2.4920711517333984,0.9611127972602844
17,170,765832709,2.846585171108823,13.671557426452637,2.505459308624268,0.9522826671600342
17,171,2238481974,2.974072873387795,15.186456680297852,2.7268261909484863,0.9475674033164978
17,172,2404171545,2.6088936256987347,12.779407501220703,2.5909225940704346,0.9588807821273804
17,173,616709593,2.628260024773777,11.522856712341309,2.4576847553253174,0.9614760875701904
17,174,948946327,2.5865087714595028,12.291358947753906,2.5244243144989014,0.9557771682739258
17,175,2095637895,2.526536370948513,11.225462913513184,2.455670118331909,0.9624557495117188
17,176,143726950,2.6273836873437686,10.171463012695312,2.3393445014953613,0.96525639295578
17,177,3312229238,2.7060688048832158,12.749269485473633,2.5470690727233887,0.95585834980011
17,178,2376992352,2.662074399386208,13.286343574523926,2.6246299743652344,0.9532808661460876
17,179,3274116782,2.4782630773997387,10.282283782958984,2.429913282394409,0.9643516540527344
18,180,77997924,2.633462780433028,12.862944602966309,2.565666913986206,0.95615953207016
18,181,825739915,2.49506059388467,10.118828773498535,2.4780969619750977,0.966264009475708
18,182,1054184066,2.6088521741458544,13.363632202148438,2.507683277130127,0.9556630849838256
18,183,2454703563,2.560115654917578,11.271597862243652,2.504191637039185,0.9624475836753844
18,184,485859564,2.649058994914184,12.73165225982666,2.6067299842834477,0.9563456177711488
18,185,127578990,2.616779749576971,12.032219886779783,2.506557941436768,0.9569896459579468
18,186,2739504792,2.64138376800824,11.834031105041504,2.573873996734619,0.9603137373924256
18,187,2070562926,2.530362871919018,11.0657958984375,2.511116981506348,0.9615277647972108
18,188,3074431392,2.552015541846432,11.91737937927246,2.516551971435547,0.9589076042175292
18,189,739945397,2.510887632687299,10.01309871673584,2.400852918624878,0.965043604373932
19,190,774523980,2.5586323126084047,11.302460670471191,2.582170248031616,0.9592075943946838
19,191,252197472,2.627620531553427,13.54543399810791,2.5962979793548584,0.9515342712402344
19,192,677570753,2.9453268946561866,15.83824634552002,2.6551129817962646,0.9446690082550048
19,193,1615320711,2.837002930339998,15.82907772064209,2.67830491065979,0.9459431171417236
19,194,286583809,2.7542483735215098,13.342123031616213,2.6343650817871094,0.9524243474006652
19,195,3957633556,2.5917559896774813,11.086779594421388,2.556715965270996,0.96122008562088
19,196,4431622,2.812124879990279,14.408764839172363,2.5792815685272217,0.9511098861694336
19,197,2275847598,2.8239503067924256,13.743409156799316,2.533583164215088,0.9526572227478028
19,198,2966854154,2.5067903594371383,10.523974418640137,2.4557135105133057,0.9629308581352234
19,199,337523957,2.6243154570933758,13.284778594970703,2.551830530166626,0.9540122747421264
20,200,2346031031,2.5796576434366973,11.775559425354004,2.5567994117736816,0.960118532180786
20,201,49419501,2.643391928540744,11.34000301361084,2.466373920440674,0.9609271287918092
20,202,1399106891,2.837381816101106,15.825117111206056,2.661999464035034,0.9466936588287354
20,203,117993956,2.579448936270662,12.077754974365234,2.539567708969116,0.9588220119476318
20,204,637908156,2.5536429701528407,10.61464023590088,2.4762492179870605,0.9651787281036376
20,205,235134815,2.6384048281503936,12.125893592834473,2.557113647460937,0.9585806727409364
20,206,751802942,2.627118729597484,10.958130836486816,2.446084976196289,0.960784375667572
20,207,489863406,2.584066766818827,12.221139907836914,2.525091648101806,0.9595189690589904
20,208,238948135,2.675415482327557,12.242620468139648,2.5485103130340576,0.9605501294136048
20,209,2971746422,2.6670681887895378,12.441601753234863,2.5516059398651123,0.9563124179840088
21,210,2468492771,2.9037621237117097,13.091470718383787,2.5401623249053955,0.9546718597412108
21,211,1076677591,2.572823225031106,11.852992057800291,2.463622093200684,0.9599401950836182
21,212,1200830415,2.512385514848143,10.204730987548828,2.4000706672668457,0.9671000242233276
21,213,176047229,2.6266945631001284,12.850647926330566,2.4998996257781982,0.9551734924316406
21,214,3921693760,2.5931872927165904,11.392830848693848,2.561582565307617,0.9611323475837708
21,215,2013973541,2.514687396699152,11.23013687133789,2.4670631885528564,0.9610000848770142
21,216,1550431895,2.800293628239364,13.736190795898438,2.604034185409546,0.9504043459892272
21,217,527245104,2.798633485602123,14.810367584228516,2.6119706630706787,0.94711172580719
21,218,3721491048,2.519307195244443,10.302194595336914,2.4284465312957764,0.964414656162262
21,219,1584979232,2.5703508474162136,11.194173812866213,2.486776113510132,0.96193528175354
22,220,1799545110,2.562551603076019,11.3585786819458,2.544055938720703,0.9598242044448853
22,221,838467992,2.739044394666393,13.389399528503418,2.4930031299591064,0.9569048285484314
22,222,1518812862,2.642787202718999,13.487622261047363,2.584725141525269,0.9546103477478028
22,223,3478224011,2.784302837151482,12.651613235473633,2.6459226608276367,0.9540785551071168
22,224,2499495052,2.9219655237942543,12.74196434020996,2.447030782699585,0.9559482336044312
22,225,3810605359,2.697778997694682,12.281356811523438,2.6285924911499023,0.9564950466156006
22,226,753227426,2.732584894752236,12.450441360473633,2.496304750442505,0.9553676843643188
22,227,4137589004,2.7969663845668515,15.321002960205078,2.642478704452514,0.948104202747345
22,228,3285978018,2.594815372086224,11.975536346435549,2.49800705909729,0.96232932806015
22,229,682388137,2.575688996283603,11.932794570922852,2.437380313873291,0.9601216912269592
23,230,156081383,2.587805708796378,11.630098342895508,2.567220449447632,0.9603171944618224
23,231,1788404228,2.550944397870728,12.416508674621582,2.523839473724365,0.956345796585083
23,232,1862315041,2.7380619451554216,12.875775337219238,2.583150625228882,0.955493152141571
23,233,294372335,2.619079641175205,11.061747550964355,2.4360530376434326,0.9620431065559388
23,234,1288960396,2.6475602743448388,12.368158340454102,2.617432117462158,0.95890474319458
23,235,3652072890,2.568667067752337,11.079469680786133,2.4298243522644043,0.9617753624916076
23,236,3461297220,2.759533410521868,14.49655532836914,2.624274969100952,0.9496220350265504
23,237,1984000113,2.557607121602983,12.22145652770996,2.5194499492645264,0.9590885639190674
23,238,3795965301,2.745665793501999,14.621834754943848,2.5610623359680176,0.949804663658142
23,239,3070875860,2.6212317570826507,11.915207862854004,2.48586106300354,0.96051287651062
24,240,4082149457,2.719309962289717,11.59764575958252,2.506591558456421,0.9586375951766968
24,241,2266925897,2.5632754433849025,11.101069450378418,2.558520793914795,0.961373209953308
24,242,1987812327,2.731748623136549,12.701094627380373,2.5546324253082275,0.9552434086799622
24,243,2355568072,2.624224003802844,13.863109588623049,2.6238036155700684,0.9538899064064026
24,244,992351838,2.6323310373169666,13.33840560913086,2.620208978652954,0.9527685046195984
24,245,3934663261,2.8483992507457185,13.413003921508787,2.540034294128418,0.9506656527519226
24,246,2142033310,2.783068807799871,13.506781578063965,2.697113037109375,0.9543474912643432
24,247,482215219,2.569354882787525,12.05632781982422,2.569450855255127,0.958495020866394
24,248,1506254006,2.759540230213985,13.387377738952637,2.702559232711792,0.956023097038269
24,249,2608818079,2.6010870717337995,11.33231258392334,2.535792589187622,0.9598650932312012
25,250,1690826731,2.564874212974275,11.571043014526367,2.4761528968811035,0.9593307971954346
25,251,1207951905,2.6081508462738143,12.31847858428955,2.5371909141540527,0.9580470323562622
25,252,2662293350,2.561794702765353,11.367480278015137,2.4888689517974854,0.9600323438644408
25,253,1347774291,2.7523501168349687,13.779017448425291,2.729731559753418,0.9516878128051758
25,254,1096750756,2.6117317555948456,11.63601303100586,2.4705798625946045,0.9598006010055542
25,255,3739974856,2.543060524690176,11.239726066589355,2.417518854141236,0.9612719416618348
25,256,3624962339,2.84464221764963,14.581361770629885,2.6135778427124023,0.9495550394058228
25,257,2521909239,2.690114367789588,14.207334518432615,2.595364809036255,0.9512599110603333
25,258,1730166242,2.688637068373466,14.389344215393066,2.598328828811645,0.949643075466156
25,259,2897400127,2.666362068865756,12.226360321044922,2.553532838821411,0.9580913782119752
26,260,1435754140,2.634419118226283,12.860721588134766,2.569817066192627,0.9560238122940063
26,261,1242221959,2.6065120473525383,11.786384582519531,2.53797459602356,0.9598942995071412
26,262,3917502618,2.51595879981097,10.737740516662598,2.4309864044189453,0.9638603329658508
26,263,2341028524,2.5422673139068976,11.060277938842772,2.479027271270752,0.9634896516799928
26,264,2774021538,2.636432830609202,12.791531562805176,2.594609260559082,0.9558565020561218
26,265,3401566058,2.624337803988093,12.07095718383789,2.57958722114563,0.9588642120361328
26,266,943423115,2.650022493122831,12.403170585632324,2.583595037460327,0.9567995071411132
26,267,3492793128,3.02371698804676,13.767398834228516,2.659008264541626,0.9492579102516174
26,268,2332234032,2.646858249563564,11.750469207763672,2.5199215412139893,0.9583054780960084
26,269,2914342647,2.5440393731783804,12.186875343322754,2.473743438720703,0.9595838785171508
27,270,2432291904,2.624495699607272,11.65223789215088,2.5711910724639893,0.9573751091957092
27,271,3721891471,2.5689161650658745,11.409037590026855,2.5233347415924072,0.9596617221832277
27,272,3641159777,2.720983165647797,11.901286125183104,2.456565618515014,0.9574876427650452
27,273,3794690933,2.89887360847302,14.68657112121582,2.603039026260376,0.9500929713249208
27,274,2848423521,2.971368623357149,16.175235748291016,2.629435539245605,0.9441942572593688
27,275,3934642546,2.6113185209071044,12.51144790649414,2.584129810333252,0.957863450050354
27,276,653178214,2.535647629056463,10.872185707092283,2.4588489532470703,0.9631041884422302
27,277,1269612233,2.6273280461846573,11.4924955368042,2.481161832809448,0.9604851007461548
27,278,1671715028,2.5927557986058214,12.30410385131836,2.5624024868011475,0.9576950669288636
27,279,811800877,2.655386421628935,12.977219581604004,2.5944509506225586,0.954728901386261
28,280,4266939994,2.56781281559522,11.480048179626465,2.430781841278076,0.9594879150390624
28,281,993469327,2.6480555690063494,12.769390106201172,2.469209671020508,0.9553731083869934
28,282,2576513121,2.6163992641795195,13.073487281799316,2.5019772052764893,0.9551926255226136
28,283,3046793763,2.714042448383206,13.098868370056152,2.655381202697754,0.9565385580062866
28,284,1017702594,2.9003518519233915,17.06582260131836,2.709784746170044,0.9415053725242616
28,285,642672327,2.598337902813143,12.342350006103516,2.5455691814422607,0.9586437940597534
28,286,3511771788,2.7934567293002,12.462451934814451,2.4331917762756348,0.9566932320594788
28,287,3312708123,2.5601459959498967,12.491750717163086,2.5100083351135254,0.9577799439430236
28,288,21604877,2.628097572490964,12.081083297729492,2.486550092697144,0.9578197002410888
28,289,2945864093,2.632900273191503,12.742985725402832,2.48861026763916,0.9573835134506226
29,290,3800567460,3.137624463470551,15.90078067779541,2.766655683517456,0.9453042149543762
29,291,1512338810,2.6159682354658327,12.819631576538086,2.5222980976104736,0.9566845893859864
29,292,1102789482,2.587879710278352,11.91122817993164,2.602445125579834,0.9604881405830384
29,293,248443512,2.758743474051418,14.379486083984377,2.611042261123657,0.9503799676895142
29,294,2045229284,2.6804449424262784,12.037068367004396,2.544257879257202,0.9600823521614076
29,295,3679784087,2.6781706074413054,12.115283012390137,2.530494451522827,0.958927035331726
29,296,2604160019,2.554246026845446,11.237190246582031,2.548413038253784,0.9629735946655272
29,297,3870787857,3.004374408026524,18.630041122436523,2.651220321655273,0.9377263188362122
29,298,3746684507,2.6647164063939943,12.359074592590332,2.4962315559387207,0.9550707936286926
29,299,483069366,2.8496673164758053,14.743075370788574,2.510714292526245,0.9521530270576476
30,300,1764947267,2.814910334938411,12.576565742492676,2.5299315452575684,0.9556379318237304
30,301,2655300675,3.0098145056329773,13.750262260437012,2.4640979766845703,0.951968550682068
30,302,2487586249,2.538831349447716,10.736289024353027,2.488020420074463,0.9624854922294616
30,303,3068807125,2.5794272244249066,11.705517768859863,2.4261996746063232,0.9590031504631042
30,304,2312191257,2.6299337545627908,13.399371147155762,2.514137029647827,0.9547942876815796
30,305,1531392780,2.599537700309156,12.147345542907717,2.5461275577545166,0.9561769366264344
30,306,1314557176,2.629143290987172,12.858182907104492,2.4381909370422363,0.9579968452453612
30,307,3985926281,2.6860627915874087,14.503433227539062,2.5691072940826416,0.952803373336792
30,308,2734828099,2.75891749981466,16.05282211303711,2.830051183700561,0.9454252123832704
30,309,2750991624,2.708915541283755,12.398280143737791,2.502981185913086,0.9591704607009888
31,310,3370584417,2.52235770636375,11.374040603637695,2.4880495071411133,0.9612277150154114
31,311,253298289,2.509467250685072,10.95315170288086,2.4475016593933105,0.961741864681244
31,312,3988201588,2.58260766143536,11.212448120117188,2.4446749687194824,0.9632127285003662
31,313,1211298091,2.687304936291907,12.069768905639648,2.543372869491577,0.9570727944374084
31,314,415859875,2.6193256348716463,12.221942901611328,2.5059731006622314,0.9584197998046876
31,315,4189195931,2.804166475886596,13.526745796203612,2.6004269123077397,0.9532053470611572
31,316,1169061611,2.594930679534763,12.665661811828612,2.443176507949829,0.9541317224502563
31,317,3510132464,2.798678140805341,14.03957748413086,2.563227653503418,0.9510339498519896
31,318,1688012577,2.618496590712037,12.276009559631348,2.554781913757324,0.9581726789474488
31,319,190270908,2.869301210564405,13.680551528930664,2.630367517471313,0.9509524703025818
32,320,2309348360,2.8631195265059426,13.88912296295166,2.6273059844970703,0.9517363905906676
32,321,2239357414,2.527423034287602,11.380277633666992,2.463905572891236,0.9617574214935304
32,322,3836387768,2.7950066071311874,15.203519821166992,2.612028121948242,0.9458807110786438
32,323,1318579865,2.611498643607413,12.29671573638916,2.544809103012085,0.9581939578056335
32,324,94006575,2.5670648535622247,12.147363662719728,2.5412161350250244,0.9599836468696594
32,325,262611741,2.773022941012333,15.17380142211914,2.6672239303588867,0.9499055743217468
32,326,1692000085,2.570455438044503,11.584980964660645,2.5344088077545166,0.9591750502586364
32,327,208178769,2.5501868472047398,10.661316871643066,2.451236724853516,0.9647772908210754
32,328,3069020024,2.569034468761392,12.659531593322754,2.584559440612793,0.9582996964454652
32,329,3015235058,2.5543331026038274,12.849358558654783,2.4569802284240723,0.9550228118896484
33,330,2015230142,2.555550917682304,10.564889907836914,2.41699743270874,0.964808225631714
33,331,358191717,2.614069225094473,13.00274658203125,2.5885324478149414,0.9537455439567566
33,332,704191918,2.84415100796024,15.904294967651367,2.767645359039306,0.9463770389556884
33,333,739265165,2.633340938737199,12.909385681152344,2.5078933238983154,0.9548648595809937
33,334,1343986749,2.620971142996478,11.99285888671875,2.568078994750977,0.9589866995811462
33,335,1959359172,2.692199277699719,13.45258903503418,2.5161170959472656,0.9540649056434632
33,336,739932922,3.067185852934743,16.236738204956055,2.710934400558472,0.9421886205673218
33,337,3610756204,2.54918971211394,11.098103523254396,2.555171251296997,0.9613631963729858
33,338,3861093259,2.6034359339686124,11.642477989196776,2.588065385818481,0.9585169553756714
33,339,3981252706,2.9025760341399414,13.074600219726562,2.498188018798828,0.9560999274253844
34,340,2498792342,2.5323653865326143,10.924922943115234,2.4103221893310547,0.9625331163406372
34,341,4271688273,2.740337598866544,12.310302734375,2.445098161697388,0.9575851559638976
34,342,735235659,2.534500796537908,10.308534622192385,2.3641557693481445,0.9621728658676147
34,343,1951204513,2.6876127380117105,12.249635696411133,2.481534719467163,0.9554985761642456
34,344,4146469517,2.612482617912941,12.69698429107666,2.4856202602386475,0.9563074111938475
34,345,358993817,2.511518383017958,11.90314769744873,2.468386650085449,0.9605453610420228
34,346,34018400,2.550909388608262,11.274349212646484,2.5019454956054688,0.9620372653007508
34,347,1114785586,2.5711974094683026,10.692727088928224,2.4662866592407227,0.9627947211265564
34,348,2670213791,2.5582850026932777,10.91456699371338,2.4581973552703857,0.9632179737091064
34,349,861345586,2.6136222322262217,13.096211433410645,2.594691753387451,0.9541504979133606
35,350,4255988021,2.680760710543178,14.03805923461914,2.602883100509644,0.9505226016044616
35,351,3679600508,2.642809771264719,12.117130279541016,2.6305840015411377,0.9586825370788574
35,352,2799729011,2.524916565819166,10.121220588684082,2.47311806678772,0.9659889936447144
35,353,1429566072,2.5649738790516845,11.087190628051758,2.482753038406372,0.9622638821601868
35,354,1434794029,2.5646149076091205,11.337696075439451,2.5246329307556152,0.9627878069877625
35,355,1542227377,2.867292456580953,14.689960479736328,2.625787734985352,0.9487582445144652
35,356,3157796657,2.751334980088296,12.831598281860352,2.6239826679229736,0.9549840688705444
35,357,3853128060,2.573336244276686,10.730205535888672,2.4407312870025635,0.963917315006256
35,358,852777326,2.8191700191455045,13.061824798583984,2.6230218410491943,0.9551190733909608
35,359,3911041510,2.677893089669867,13.047889709472656,2.664830684661865,0.955110728740692
36,360,509273837,2.5864536016031967,12.294319152832031,2.6057848930358887,0.9562877416610718
36,361,2938054298,2.8324112570209645,15.576351165771484,2.631664037704468,0.9453940391540528
36,362,1681566306,2.6595712211132376,11.989742279052734,2.512193202972412,0.9602867364883424
36,363,3396606505,2.5416931708110746,10.95284366607666,2.443337917327881,0.9629518389701844
36,364,4205763894,2.742502635198809,11.675058364868164,2.410940647125244,0.9594798684120178
36,365,460485471,2.5569567987356043,12.213135719299316,2.491598606109619,0.9563012719154358
36,366,1407685457,2.637041643393943,12.27814483642578,2.4940061569213867,0.9589383602142334
36,367,4143034610,2.5575468449653367,10.968184471130373,2.5084493160247803,0.9627225399017334
36,368,2926503329,2.5326286286883866,11.052693367004396,2.374747037887573,0.9596709609031676
36,369,3502125658,2.9041346588482497,13.45857048034668,2.58513617515564,0.9544751048088074
37,370,3931703753,2.632918343552201,11.736709594726562,2.53059458732605,0.9604940414428712
37,371,3266232093,2.660439971668937,11.255990028381348,2.436429262161255,0.9610593914985656
37,372,3780948594,2.9905299271660657,14.553982734680176,2.59263014793396,0.948784112930298
37,373,3477515124,2.540203085176256,11.371477127075195,2.5460739135742188,0.9625140428543092
37,374,3561607864,2.637197680828057,11.37364387512207,2.508819103240967,0.9615741968154908
37,375,3532640777,2.551501222041117,11.238662719726562,2.5334644317626958,0.9603110551834106
37,376,2227663078,2.8819828645311203,17.127836227416992,2.7315497398376465,0.9410263895988464
37,377,3990705719,2.5709329253308635,11.117247581481934,2.4516186714172363,0.9591020345687866
37,378,433490575,2.7152298795055376,13.359068870544434,2.5842537879943848,0.9528210759162904
37,379,982857635,2.672951228541434,12.028611183166504,2.5607643127441406,0.9589375257492064
38,380,4160731491,2.5759129378167542,11.756500244140623,2.5189123153686523,0.9599937200546264
38,381,2296265716,2.508978889696572,10.308348655700684,2.4419407844543457,0.9633066654205322
38,382,3576476083,2.57700597015652,11.045525550842283,2.497433423995972,0.9626033306121826
38,383,3901139535,2.5484497564006205,10.819018363952637,2.4853317737579346,0.9636525511741638
38,384,3907369137,2.5332115036993152,11.359413146972656,2.4998116493225098,0.9582734107971193
38,385,3351301305,2.510121776088325,11.3860445022583,2.41239595413208,0.9609065651893616
38,386,2527693412,2.5331100309677894,11.189873695373535,2.506211996078491,0.9626637697219848
38,387,740427672,2.7791292145083872,13.831929206848145,2.671452045440674,0.9524058699607848
38,388,1277517635,2.65961947168588,12.9685697555542,2.5261118412017822,0.95577871799469
38,389,4027122038,2.5810960907056617,11.01914882659912,2.4871175289154053,0.9640473127365112
39,390,601645289,2.5941013366646986,12.404943466186523,2.4832913875579834,0.9548259973526
39,391,2223277895,2.511983706597375,10.486376762390137,2.339057445526123,0.9649511575698853
39,392,82621882,2.8814785809144,14.86850357055664,2.685239791870117,0.9485377073287964
39,393,3783232052,2.588534956901669,11.554059028625488,2.454097032546997,0.960133969783783
39,394,2324036723,2.699746179920014,11.893404960632324,2.487545728683472,0.9589653611183168
39,395,3883886560,2.5062651487997707,11.324708938598633,2.504739284515381,0.9614678621292114
39,396,2687030668,2.7635492615120776,13.437455177307127,2.5543673038482666,0.9531124234199524
39,397,4138821520,2.611884740215322,12.070695877075195,2.575037717819214,0.958807408809662
39,398,3258144782,2.718365518693838,13.648852348327637,2.5051095485687256,0.9517386555671692
39,399,208420058,2.614372380541952,12.46968936920166,2.413325309753418,0.9576862454414368
40,400,3237970082,2.689470198755535,12.465134620666504,2.492095708847046,0.9562673568725586
40,401,2972658756,2.6089187051183487,11.707684516906738,2.484102964401245,0.9593464136123656
40,402,2371844561,2.885691107502268,15.372303009033203,2.694911241531372,0.9485703110694884
40,403,2609721486,2.5719185710630965,11.180614471435549,2.4609568119049072,0.9615458250045776
40,404,4222095974,2.7201131615053917,14.685483932495115,2.616564512252808,0.9510826468467712
40,405,208799877,2.5587198852734208,11.459415435791016,2.5593738555908203,0.9598276615142822
40,406,1281845707,2.579692439352883,11.067466735839844,2.5341501235961914,0.9619303941726683
40,407,2107199408,2.6045420775338703,11.58398151397705,2.5244507789611816,0.9583402872085572
40,408,2430247311,2.612725242914536,12.923938751220703,2.6326839923858643,0.9577983021736144
40,409,2195107384,2.6136740762770785,12.139045715332031,2.5488734245300293,0.9575308561325072
41,410,2692571266,2.6257089393007083,13.510870933532717,2.5510904788970947,0.953971803188324
41,411,2596339113,2.8517171507497734,14.678316116333008,2.5659103393554688,0.948478937149048
41,412,4246445911,2.8342994268350434,13.97036361694336,2.642829656600952,0.951960265636444
41,413,1835172643,2.7635835305063914,12.951702117919922,2.5895979404449463,0.954325258731842
41,414,1883183571,2.7021156398979715,12.3309965133667,2.481048822402954,0.9557917714118958
41,415,2329554667,2.748729233464994,13.09308910369873,2.5390727519989014,0.9540919065475464
41,416,1319334317,2.6996177010513214,11.983912467956545,2.582825183868408,0.9602662324905396
41,417,471803700,2.5461388134562486,11.724468231201172,2.5046725273132324,0.9593599438667296
41,418,1435907329,2.5582257962317483,11.228060722351074,2.4888062477111816,0.9641796946525574
41,419,427833736,2.587633142931608,10.855679512023926,2.4508888721466064,0.962186872959137
42,420,1047483008,2.707420488963133,13.736328125,2.4962077140808105,0.9505332708358764
42,421,2272060749,2.7355050971986947,12.415611267089844,2.502514123916626,0.9572386741638184
42,422,1656024712,2.681431129811505,14.284351348876951,2.644887685775757,0.9467465281486512
42,423,1303542882,2.488243004670524,10.07918930053711,2.411827325820923,0.9653121829032898
42,424,1050374904,2.592828962171787,13.185566902160645,2.617737293243408,0.9561054706573486
42,425,55557487,2.543114337826693,11.841580390930176,2.4407830238342285,0.9590590000152588
42,426,3226834091,2.804064109096055,14.373291015625,2.561301946640014,0.9498092532157898
42,427,806709830,2.5713888595687644,11.958291053771973,2.4712767601013184,0.95817369222641
42,428,454268340,2.5662828982805794,11.637776374816896,2.490730762481689,0.9609641432762146
42,429,2599358623,2.650247818055537,12.848527908325195,2.601363182067871,0.9563441276550292
43,430,3062086347,2.552027468675228,10.823548316955566,2.4698617458343506,0.9622697234153748
43,431,890641911,2.931043405916782,14.238749504089355,2.61313796043396,0.95048850774765
43,432,867726765,2.5050802157283885,9.879912376403809,2.3588876724243164,0.9661012887954712
43,433,1676629721,2.636111369727603,13.652931213378906,2.540383815765381,0.9502126574516296
43,434,3054895157,2.5905010671974247,12.476344108581545,2.5782291889190674,0.958414614200592
43,435,3461992187,2.7037088038398798,13.63444709777832,2.609459638595581,0.9538232088088988
43,436,2466288939,2.562589747509381,11.150313377380373,2.499417304992676,0.9626520872116088
43,437,1375918404,2.6028805131957813,12.497130393981934,2.4751338958740234,0.9598397016525269
43,438,19326885,2.9191453001199417,14.563602447509766,2.538925647735596,0.949126958847046
43,439,3460578742,2.5808785982672315,12.431610107421877,2.510990619659424,0.9573858380317688
44,440,3923590418,2.5782829049018408,10.977679252624512,2.488408327102661,0.9600017666816713
44,441,3041014047,2.853199750563086,14.08987045288086,2.497953176498413,0.9506240487098694
44,442,674734311,2.681048020710357,14.590832710266112,2.5680251121521,0.9501537680625916
44,443,3048749956,2.5805094166554894,11.59687042236328,2.5570404529571533,0.959080159664154
44,444,1397023775,2.647002258687117,12.530017852783203,2.643364667892456,0.9576814770698548
44,445,4166009340,2.6459766907906697,12.9144868850708,2.697693109512329,0.9563146829605104
44,446,283948018,2.5705782362305203,11.141757011413574,2.5786893367767334,0.96161288022995
44,447,1192648358,2.6423005985552286,15.81584644317627,2.60088849067688,0.9473026990890504
44,448,3046273525,2.623017745644723,13.203757286071776,2.6108992099761963,0.9543524980545044
44,449,1251625606,2.636351688574018,11.995450973510742,2.5606422424316406,0.9583412408828736
45,450,1656203704,2.591051937973036,11.808417320251465,2.5407958030700684,0.957695245742798
45,451,3837823313,2.5966846488299584,13.377673149108888,2.580939531326294,0.9520771503448486
45,452,2573717245,2.7360729596803046,13.799607276916504,2.6103811264038086,0.95274555683136
45,453,3723324260,2.5653242884580263,11.723127365112305,2.5518057346343994,0.9590978026390076
45,454,3206660123,2.600667102394953,11.671154022216797,2.485751152038574,0.9606682658195496
45,455,1384422429,2.482064579102,10.282798767089844,2.338472366333008,0.96371728181839
45,456,2768288828,2.941603029141276,14.919358253479004,2.685487031936645,0.9484513998031616
45,457,2547829715,2.6105917343287115,11.958788871765137,2.5332252979278564,0.9592325091362
45,458,1336695839,2.66484481214704,14.846611976623535,2.6088335514068604,0.951735019683838
45,459,1345379314,2.6325519548913645,11.699102401733398,2.5176143646240234,0.9597267508506776
46,460,3444428219,2.707298161407249,12.129672050476074,2.5493643283843994,0.958877980709076
46,461,1522940661,2.743582214294896,14.042779922485352,2.5562477111816406,0.9525113701820374
46,462,2820965351,2.50906576127023,10.66245937347412,2.4476301670074463,0.9617621898651124
46,463,4269598988,2.7420943596715595,16.842782974243164,2.6885368824005127,0.9409886598587036
46,464,3156823580,2.581051255886944,11.659995079040527,2.538341999053955,0.9604829549789428
46,465,2177076099,2.786381479868059,14.408419609069824,2.643718242645264,0.9488914012908936
46,466,1961557871,2.702139209867988,12.473109245300291,2.521048784255981,0.9595414996147156
46,467,1918982217,2.703842174274909,12.69076442718506,2.5832998752593994,0.9550538063049316
46,468,2017552445,2.6040784984343417,11.9376859664917,2.565634489059448,0.9593574404716492
46,469,2926916334,2.6478021680423574,11.180559158325195,2.482462167739868,0.961248517036438
47,470,3907947589,2.6086443917199027,13.421403884887695,2.630889892578125,0.9541614055633544
47,471,2860107620,2.524801771436465,10.042593002319336,2.343665361404419,0.9665416479110718
47,472,2566237363,3.094671276728985,16.797687530517578,2.6638708114624023,0.9436767101287842
47,473,1056666878,2.5708732869341,12.108960151672363,2.502619504928589,0.959059238433838
47,474,866948658,2.87157709134306,15.456175804138184,2.63687801361084,0.9453411102294922
47,475,2168363307,2.60312101274323,11.70994758605957,2.4915659427642822,0.9603968262672424
47,476,727510052,2.9685792906912423,18.50737190246582,2.910635232925415,0.9394798278808594
47,477,4216971706,2.5907887146840443,11.923942565917969,2.572474241256714,0.956492841243744
47,478,1353619513,2.5765664035072158,11.428348541259766,2.556190013885498,0.9599007964134216
47,479,2365123334,2.608318907554009,11.292537689208984,2.522722721099853,0.9616158604621888
48,480,3734912200,2.536532661809456,10.131101608276367,2.449793815612793,0.964176058769226
48,481,2523331394,2.593188232572572,11.589425086975098,2.5243654251098637,0.9600120186805724
48,482,1979518598,2.6004131823976557,11.028985023498535,2.3968780040740967,0.9622361660003662
48,483,4044609190,2.6629851930531605,11.983388900756836,2.5834827423095703,0.9606084823608398
48,484,1620228464,2.6370904676690983,11.891029357910156,2.4964661598205566,0.9577630162239076
48,485,2751072159,2.568523495607995,12.132948875427246,2.5336484909057617,0.959187924861908
48,486,3455934076,2.578727928559464,10.42671012878418,2.398707389831543,0.963531732559204
48,487,1514110600,2.6590150480222667,12.159424781799316,2.541785955429077,0.9587749242782592
48,488,1662452167,2.600087311462045,11.320347785949709,2.482206106185913,0.9608607292175292
48,489,2466809067,2.940229971160942,14.026788711547852,2.6136715412139893,0.950044810771942
49,490,1531790914,2.7320104514108894,12.904484748840332,2.461432695388794,0.9571297764778136
49,491,1655713069,2.5818952107150244,11.1618013381958,2.477102518081665,0.9615645408630372
49,492,674222157,2.643055985509935,12.080519676208496,2.5502829551696777,0.9599992632865906
49,493,1089905907,2.711803808990193,14.630012512207031,2.647871971130371,0.9497142434120178
49,494,3945054470,2.637633258520642,11.72688102722168,2.5365641117095947,0.9589088559150696
49,495,456565539,2.649181590587542,11.90495777130127,2.479491233825684,0.9593911170959472
49,496,1822371175,2.721063192995101,11.689828872680664,2.4856185913085938,0.9604036808013916
49,497,403159872,2.6437211787621293,12.40265941619873,2.5907113552093506,0.955933392047882
49,498,3376626136,2.686256587303178,12.87112522125244,2.6203689575195312,0.9560466408729552
49,499,1973512891,2.572231598195612,11.007635116577148,2.4558653831481934,0.964372456073761
50,500,2514589694,2.79834741054744,13.06674098968506,2.542836427688598,0.956205427646637
50,501,2090704636,2.5341425204143637,10.682616233825684,2.4432120323181152,0.9631983041763306
50,502,1692756281,2.642594728589099,11.85487174987793,2.560229539871216,0.959261953830719
50,503,3863472039,2.6689007609876465,13.306219100952148,2.6686437129974365,0.9508705139160156
50,504,3215675880,2.6463221335625127,12.487963676452637,2.5400781631469727,0.9589573740959167
50,505,4212602119,2.5564012278665467,11.515134811401367,2.488789796829224,0.961845874786377
50,506,1527879791,2.560600237095864,12.112056732177734,2.604959011077881,0.961503267288208
50,507,3096737127,2.6648348183256494,12.171957969665527,2.600555419921875,0.956708550453186
50,508,537243138,2.5654618791759094,11.92867374420166,2.5669939517974854,0.9580433964729308
50,509,4049450973,2.5017620307058697,9.90474796295166,2.4167912006378174,0.9660505652427672
51,510,2136625100,2.759031054537026,14.798787117004396,2.488055229187012,0.9482988119125366
51,511,1061036094,2.69370423258679,13.757080078125,2.5255441665649414,0.9527490139007568
51,512,4199400280,2.5111452457588443,10.109977722167969,2.428671598434448,0.9649724960327148
51,513,3121028703,2.713919353346942,13.541119575500488,2.481640100479126,0.9527484178543092
51,514,540874214,2.529738669092397,10.427948951721191,2.47318434715271,0.9621219635009766
51,515,1209362877,2.91103472978438,15.40070915222168,2.570627927780152,0.9475398659706116
51,516,394034475,2.6331951455705567,11.393732070922852,2.503100633621216,0.9604172706604004
51,517,2134052263,2.5187283089818213,10.411638259887695,2.5030758380889893,0.9647768139839172
51,518,788827892,2.572584081556935,11.44752311706543,2.611403226852417,0.958170771598816
51,519,1853911313,2.5586795105746565,12.26743507385254,2.511665105819702,0.9588680863380432
52,520,609542743,2.8097255165805133,13.120436668395996,2.55234694480896,0.9539135694503784
52,521,1518073650,2.530585902659153,10.928817749023438,2.4385483264923096,0.9622361660003662
52,522,17366820,2.786555350891841,12.753457069396973,2.4652774333953857,0.9575982689857484
52,523,3868885563,2.6594678514930727,12.68894100189209,2.64939022064209,0.959222137928009
52,524,174099692,2.7285383425427767,13.956686973571776,2.662482261657715,0.949177384376526
52,525,3040330318,2.589179596514651,12.574870109558104,2.5406248569488525,0.9557687044143676
52,526,2589554075,2.722508644951512,12.946784019470217,2.611706495285034,0.9525984525680542
52,527,1308391507,2.5770257116485986,12.047256469726562,2.47995924949646,0.9571943879127502
52,528,698370483,2.708732907407471,13.173142433166504,2.568511962890625,0.9533766508102416
52,529,3696456003,2.57536478831604,12.277252197265623,2.5438055992126465,0.957240104675293
53,530,1576592120,2.645851433243612,13.75701141357422,2.565241813659668,0.9510818123817444
53,531,2019503093,2.5085651747828965,10.458794593811035,2.419504404067993,0.9634988903999328
53,532,4285414897,2.538713651525953,10.506600379943848,2.4013671875,0.9641557931900024
53,533,1654850369,2.7549416045652806,15.375077247619627,2.635474920272827,0.9482114911079408
53,534,2828316741,2.847853212018288,15.076827049255373,2.58682632446289,0.9476017355918884
53,535,2011600216,2.6201103034298545,13.408331871032717,2.647268056869507,0.9548909664154052
53,536,1603806041,2.632148775485626,12.59630012512207,2.6827359199523926,0.9563187956809998
53,537,3009949714,2.529086935898615,11.014655113220217,2.4164412021636963,0.9611406922340392
53,538,1117977804,2.6179375407654715,12.609971046447754,2.568367958068848,0.9579765200614928
53,539,1816319557,2.615297757642548,11.610506057739258,2.487582206726074,0.9602879285812378
54,540,235117989,2.6981519070931266,12.149383544921877,2.5048041343688965,0.957648992538452
54,541,2133618492,2.5800769582371115,11.827921867370604,2.536571502685547,0.9590977430343628
54,542,3797513548,2.9654437534095117,15.91712760925293,2.6105663776397705,0.945048451423645
54,543,1973976688,2.5870825511633098,12.630675315856934,2.426403760910034,0.956445813179016
54,544,2570062619,2.563472405260628,11.70578956604004,2.5715835094451904,0.9572030305862428
54,545,2916020838,2.7133824824202857,14.377947807312012,2.6504900455474854,0.9478192925453186
54,546,4027450169,2.6336850333378985,12.643009185791016,2.576178550720215,0.9577726721763612
54,547,1670428660,2.781016388206841,16.35009765625,2.648975372314453,0.941046953201294
54,548,1368621523,2.620682843327716,11.820201873779297,2.5082688331604004,0.9608337879180908
54,549,836395211,2.86814258888285,14.875041007995604,2.66660213470459,0.948016345500946
55,550,4133802355,2.818372679069349,14.1371431350708,2.6901566982269287,0.954922378063202
55,551,1820981804,2.8429298310026154,14.558828353881836,2.5855112075805664,0.9514755010604858
55,552,3956946520,2.4982703784956453,9.99145793914795,2.4005374908447266,0.9653741121292114
55,553,3010797560,2.58747725671167,13.119699478149414,2.551654100418091,0.9513466358184814
55,554,3666653902,2.7754141326269286,12.597684860229492,2.4721291065216064,0.9592759013175964
55,555,1317522474,2.59978275670525,11.529531478881836,2.523211717605591,0.9608331918716432
55,556,816217518,2.5123577999663382,10.401686668395996,2.398976802825928,0.9639175534248352
55,557,672336204,2.631274446072962,10.817633628845217,2.467160224914551,0.9637462496757508
55,558,3602337036,2.641704923481069,11.296058654785156,2.5088393688201904,0.9601338505744934
55,559,1426527341,2.6922988562268677,13.913532257080078,2.4864964485168457,0.948858082294464
56,560,3887832823,2.8540530440750564,13.34172534942627,2.569530725479126,0.9554859399795532
56,561,4090974733,2.7858035797696736,12.31882667541504,2.5153956413269043,0.9578461647033693
56,562,3407891697,2.54953261674902,10.914276123046877,2.470960855484009,0.9624937176704408
56,563,3445051692,2.694270956520163,13.042794227600098,2.623883008956909,0.9539035558700562
56,564,2202443474,2.7154478609594066,14.55272388458252,2.5637974739074707,0.9470611214637756
56,565,3274939100,2.5724389441205497,11.237542152404783,2.466002941131592,0.962208330631256
56,566,3326013217,2.6092440930560894,11.218710899353027,2.493910074234009,0.9608050584793092
56,567,3745899535,2.7435718868405146,14.486177444458008,2.7128944396972656,0.9504096508026124
56,568,4237506805,2.6959202064219774,14.14779281616211,2.581592321395874,0.950550615787506
56,569,1654873326,2.5515325740969,11.439513206481934,2.508423089981079,0.9617239236831664
57,570,4063426089,2.895707215100346,14.101253509521484,2.6450746059417725,0.9531067609786988
57,571,3341222038,2.587146647890715,12.051685333251951,2.4384939670562744,0.957789421081543
57,572,2540308294,2.6510583543247224,12.585243225097656,2.460803270339966,0.9555563926696776
57,573,3948272268,2.487423300988789,9.354634284973145,2.236643552780152,0.9670681357383728
57,574,3206073684,2.5696345113294443,11.577767372131348,2.5722579956054688,0.9599437713623048
57,575,1374431581,2.5925743800941605,10.902798652648926,2.5097639560699463,0.9631853699684144
57,576,2443928577,2.6154007451502985,11.469579696655272,2.47595477104187,0.961325466632843
57,577,1251416952,2.625632081641309,12.837860107421877,2.560243606567383,0.9565642476081848
57,578,3471119854,2.610310743455966,13.098065376281738,2.6041033267974854,0.9538387656211852
57,579,2197857448,2.629716328043191,11.926472663879396,2.4418370723724365,0.9592868089675904
58,580,3333006220,2.5492146622316847,10.73883819580078,2.4956977367401123,0.9639766216278076
58,581,966051946,2.555009608909115,10.754922866821287,2.4989116191864014,0.9647815227508544
58,582,4135154505,2.598396172000436,11.969676971435549,2.580920457839966,0.95772385597229
58,583,285288094,2.6342708815089657,12.076844215393066,2.635704517364502,0.9590961933135986
58,584,2700908072,2.644791325639296,11.753875732421877,2.5025949478149414,0.9579928517341614
58,585,2671822115,2.654817963611753,15.053750991821287,2.703305244445801,0.9500327110290528
58,586,2703662748,2.6113990966216685,12.001482009887695,2.5215096473693848,0.9593758583068848
58,587,1610261195,2.538898249107251,10.34676456451416,2.4494335651397705,0.9655486941337584
58,588,3951880462,2.629204728026613,12.193947792053224,2.5980050563812256,0.9562034010887146
58,589,1832476916,2.621039637489142,13.165650367736816,2.69387435913086,0.9533717036247252
59,590,2960212481,2.5100627228993693,10.632306098937988,2.4838738441467285,0.963821291923523
59,591,3352962032,2.5965055773105865,10.655258178710938,2.42294716835022,0.9623721837997437
59,592,400997019,2.568980809264216,11.545574188232422,2.5658552646636963,0.959440529346466
59,593,1186969293,2.6163682152452443,12.452412605285645,2.635751485824585,0.9594457745552064
59,594,451332201,2.6333163170415146,10.948647499084473,2.4547622203826904,0.9619277119636536
59,595,2949010705,2.624443946559604,11.283782958984377,2.4067485332489014,0.9618993997573853
59,596,542099680,2.5546867548360264,10.60594654083252,2.4783759117126465,0.9619192481040956
59,597,370938342,2.649614773962403,12.052743911743164,2.537848234176636,0.958012878894806
59,598,1483703801,2.577141621363656,12.126033782958984,2.5438618659973145,0.957202136516571
59,599,2359251494,2.5924970783136327,11.663036346435549,2.450847864151001,0.9602069854736328
60,600,1726331925,2.701134526215256,12.219587326049805,2.5827293395996094,0.9583562612533568
60,601,308538569,2.6011311902750136,11.3473482131958,2.502149105072021,0.96018648147583
60,602,1526556626,2.597555938824261,11.142805099487305,2.5005340576171875,0.9616611003875732
60,603,1869134490,2.6424261808619645,12.853757858276367,2.506577730178833,0.9553250670433044
60,604,871709220,2.853393019562908,16.091299057006836,2.666282892227173,0.946482241153717
60,605,3336799069,2.785505860330512,14.9542818069458,2.654740571975708,0.9500831961631776
60,606,918797986,2.6562136542860237,12.215420722961426,2.633108139038086,0.9574814438819884
60,607,40166430,2.695544520275134,13.276538848876951,2.6627917289733887,0.9529587030410768
60,608,3748822556,2.6197181451209053,12.08798122406006,2.468447208404541,0.9564825296401978
60,609,860646987,2.664835950523131,14.00361442565918,2.6115562915802,0.952469289302826
61,610,2277082754,2.5490317639367626,11.924918174743652,2.535381317138672,0.9581544995307922
61,611,3752645609,2.5248748677334767,11.287076950073242,2.447867155075073,0.9592931866645812
61,612,138002103,2.595013998763036,11.102497100830078,2.4761626720428467,0.9612168669700624
61,613,715842807,2.706786554099765,11.32761287689209,2.5113866329193115,0.9631623029708862
61,614,4150561394,2.623448286823944,12.106677055358888,2.6222198009490967,0.9562023282051086
61,615,3482565662,2.6556633232329308,12.578407287597656,2.574648380279541,0.9554493427276612
61,616,3356475239,2.6002020031153825,12.281847953796388,2.5860226154327397,0.956245183944702
61,617,415727460,2.772581509609991,15.699484825134276,2.6338584423065186,0.9478759765625
61,618,1401113036,3.0187004860704105,13.75400733947754,2.6439266204833984,0.952592670917511
61,619,3354917473,2.657448123208994,12.34713363647461,2.5625851154327397,0.9585727453231812
62,620,2795427212,2.821068820715277,14.511382102966309,2.6114370822906494,0.9516671299934388
62,621,3828276498,2.517220656712911,11.377408981323242,2.365393877029419,0.9614194631576538
62,622,387893385,2.599526265366245,11.392577171325684,2.401505470275879,0.960305154323578
62,623,1334327292,2.536058340224996,11.38888454437256,2.467510223388672,0.9600094556808472
62,624,1322641276,2.777103849080552,12.679450035095217,2.480034112930298,0.9558974504470824
62,625,1199923681,2.582300738531849,12.01857852935791,2.4780936241149902,0.9571821093559264
62,626,2095472503,2.5263608291276536,9.989319801330566,2.4029343128204346,0.9660585522651672
62,627,1625872156,2.6793891604244098,11.226861953735352,2.483092784881592,0.9617033004760742
62,628,3792798369,2.617445953046506,12.414363861083984,2.657193422317505,0.9557263255119324
62,629,2858008966,2.588286932003001,11.603105545043944,2.5645439624786377,0.9615489840507508
63,630,2805726577,2.555361319414229,11.555541038513184,2.499199867248535,0.9592280387878418
63,631,2663104502,2.5835382302206336,11.99888038635254,2.5395398139953613,0.9593064785003662
63,632,1488450886,2.558635598466896,11.38305377960205,2.537790536880493,0.961827278137207
63,633,2696225609,2.524645775454391,11.13164520263672,2.4399659633636475,0.9629124402999878
63,634,4129432805,2.544865640008916,11.106945037841797,2.488501071929932,0.9596774578094482
63,635,1737461091,2.542253692537229,11.24825954437256,2.549288749694824,0.9595141410827636
63,636,2474891512,2.57568617571281,11.679656982421877,2.522545099258423,0.9599450826644896
63,637,2770265086,2.573670565870767,10.991786003112791,2.4803736209869385,0.9611852169036864
63,638,1499817894,2.6312062858147733,12.951571464538574,2.627800941467285,0.9536001086235046
63,639,2476303045,2.9272524417163144,15.73884105682373,2.6109602451324463,0.946986436843872
64,640,2727438323,2.705821086373548,14.83679485321045,2.677845001220703,0.9470189809799194
64,641,3560064981,2.68109992851431,13.067627906799316,2.467737197875977,0.9546786546707152
64,642,938543517,2.821451650869722,14.78183937072754,2.661968469619751,0.9510937929153442
64,643,3935372661,2.555001662852586,11.885902404785156,2.454559326171875,0.9574085474014282
64,644,827684588,2.542206155542303,11.039793014526367,2.48595666885376,0.9612873196601868
64,645,2541931030,2.5342163442156203,10.43529987335205,2.456674814224243,0.96504807472229
64,646,1296518925,2.6410065327235617,15.201794624328612,2.6122705936431885,0.9477973580360411
64,647,2417153462,2.844639722293718,14.468174934387209,2.620423555374145,0.9513434171676636
64,648,3411125256,2.5591153334061305,11.113248825073242,2.436422348022461,0.9609088897705078
64,649,405729286,2.7815664733915058,14.700385093688965,2.59391188621521,0.9487633109092712
65,650,76151582,2.693758266826723,12.12106990814209,2.514840602874756,0.9582563638687134
65,651,73226908,2.6164529762190485,12.509202003479004,2.6133902072906494,0.9574796557426452
65,652,6365109,2.5879439622047133,11.78651523590088,2.543280839920044,0.9594361186027528
65,653,1398473323,2.5519279165718447,12.210660934448242,2.566757202148437,0.9593936800956726
65,654,3622200693,2.769524415222556,15.868083000183104,2.7211530208587646,0.9445841312408448
65,655,2539126231,2.580949055737967,11.286160469055176,2.4726321697235107,0.9609490036964417
65,656,1550586346,2.719408172758196,14.33143711090088,2.537630319595337,0.948930323123932
65,657,312129977,2.7273342105924656,13.41960334777832,2.6405513286590576,0.954228937625885
65,658,851476479,2.516079730429659,10.299362182617188,2.414499044418335,0.96507328748703
65,659,1659057523,2.677424208697675,13.435105323791504,2.519479751586914,0.952138602733612
66,660,3128477515,2.562702568622869,11.00948715209961,2.4986188411712646,0.9632583260536194
66,661,3745741559,2.696977485662089,13.699358940124512,2.61378026008606,0.9525546431541444
66,662,100061312,2.8481454079212347,12.43675136566162,2.419862031936645,0.9555671215057372
66,663,2511149768,2.728965621217702,13.109129905700684,2.5758512020111084,0.954994797706604
66,664,1258531229,2.537714140549288,11.162273406982422,2.48484206199646,0.961609423160553
66,665,3779392337,2.6719531482495547,12.28395938873291,2.506866455078125,0.9573081135749816
66,666,3653291056,2.641478771742838,13.737969398498535,2.5364339351654053,0.9535245895385742
66,667,1202755163,2.5174069011368454,9.830233573913574,2.320284605026245,0.9649414420127868
66,668,2634704418,2.664290830872304,12.551844596862791,2.6503350734710693,0.9589524269104004
66,669,34107327,2.6689611951458887,13.501954078674316,2.575598955154419,0.9541529417037964
67,670,881965035,2.6330944001724554,13.051244735717772,2.5471031665802,0.9568625092506408
67,671,765366814,2.626953395111361,12.31472396850586,2.6593174934387207,0.9581500887870787
67,672,1373969576,2.6216058810022624,12.856989860534668,2.4768054485321045,0.956007480621338
67,673,476768770,2.610625371961527,11.181862831115724,2.522412061691284,0.9612635374069214
67,674,2737025948,2.571987701291695,11.887880325317385,2.467440366744995,0.9549839496612548
67,675,3305598071,2.648611894771665,10.898052215576172,2.4607186317443848,0.9604427218437196
67,676,2847729303,2.581855008943463,10.822684288024902,2.423262357711792,0.9625478982925416
67,677,913779627,2.5612705887300207,11.13288402557373,2.473454713821411,0.9618483781814576
67,678,229440900,2.6995015855226705,15.089845657348633,2.6057019233703613,0.9474376440048218
67,679,2729940974,2.705772219430643,14.00217056274414,2.5846993923187256,0.9515843391418456
68,680,2929062406,2.533618191607597,10.633663177490234,2.4678213596343994,0.964013695716858
68,681,1764491525,2.689350762861556,12.640971183776855,2.60898232460022,0.957045555114746
68,682,2706437246,2.6021680768307123,12.999794006347656,2.461264133453369,0.95390647649765
68,683,3074801332,2.8730374459183845,13.056032180786133,2.5618093013763428,0.95437353849411
68,684,3902843854,2.5487808028179204,11.013978004455566,2.467067003250122,0.9635629653930664
68,685,3932865939,2.893288101899849,14.060070991516112,2.557269811630249,0.953248918056488
68,686,2843112858,2.687974054875481,12.863792419433594,2.617180824279785,0.9550451040267944
68,687,4022023920,2.5751141719420203,11.45356559753418,2.4652650356292725,0.9574022889137268
68,688,3188999539,2.733032948756264,14.821847915649414,2.642679214477539,0.948729932308197
68,689,2661977124,2.6818990894182964,13.131115913391112,2.485689640045166,0.9531984329223632
69,690,1001601122,2.651774858095607,13.61740493774414,2.5674660205841064,0.9539923667907716
69,691,687003997,2.608204687080228,12.532341957092283,2.635747194290161,0.9588438868522644
69,692,663986361,2.630016413443433,12.543434143066406,2.528754949569702,0.956446647644043
69,693,565578321,2.522370317250763,11.153894424438477,2.4746196269989014,0.9624154567718506
69,694,928295038,2.5726413109908304,11.507908821105955,2.556694269180298,0.9588202834129332
69,695,4268730644,2.713923151289305,14.696292877197266,2.610581636428833,0.9474974274635316
69,696,172472295,2.9548720018334844,13.983707427978516,2.5953073501586914,0.9536676406860352
69,697,2864915302,2.536744623652317,10.731762886047363,2.48089861869812,0.96211040019989
69,698,29632565,2.585096683957423,11.071584701538086,2.4932198524475098,0.9619684219360352
69,699,3388673,2.4899551324171405,10.513370513916016,2.3069300651550293,0.9621211290359496
70,700,2500446902,2.599899724425912,12.193970680236816,2.6363790035247803,0.9563332796096802
70,701,1887642794,2.6048995494941947,10.80960464477539,2.384767770767212,0.9624634385108948
70,702,736923390,2.7209769711937466,14.137069702148438,2.661285400390625,0.9480735659599304
70,703,161240685,2.772724803429298,14.778776168823242,2.620533943176269,0.9494754672050476
70,704,356658160,2.617067334017736,11.64857006072998,2.537933826446533,0.9599868059158324
70,705,1000875209,2.623191724954657,13.063241958618164,2.628884077072144,0.95246022939682
70,706,1008478096,2.59960859065871,11.257124900817873,2.536550521850586,0.9619634747505188
70,707,2698035487,2.6097801130739424,11.597322463989258,2.532784938812256,0.9610052108764648
70,708,2836314149,2.532264438403647,10.765974044799805,2.532944440841675,0.9633055925369264
70,709,596814584,2.56122278282558,11.232078552246094,2.557342767715454,0.9617133140563964
71,710,2264514667,2.688610304056052,14.187747955322266,2.602033853530884,0.9529198408126832
71,711,2060671831,2.701175845916933,13.095880508422852,2.635868787765503,0.9542876482009888
71,712,468648070,2.8278844223470294,12.882439613342283,2.6105968952178955,0.9566203355789183
71,713,389039900,2.6138946040729456,12.182178497314451,2.5446627140045166,0.9593057632446288
71,714,116463622,2.8506532250099275,17.81903839111328,2.6134605407714844,0.9355112314224244
71,715,3745177894,2.7414152459567007,13.678199768066406,2.6248979568481445,0.951542854309082
71,716,537602024,2.9812460165073924,15.161574363708496,2.5849337577819824,0.9497979283332824
71,717,4208684643,2.5362622798236063,10.95125961303711,2.557807922363281,0.9627413749694824
71,718,2662704505,2.707304620216898,15.44356918334961,2.6405696868896484,0.947534441947937
71,719,2955763272,2.724834434998076,13.335753440856934,2.631709098815918,0.9557012915611268
72,720,3782019830,2.580571254353858,11.687557220458984,2.461078643798828,0.9601908922195436
72,721,2333708940,2.550338137153768,11.456522941589355,2.602446794509888,0.9607185125350952
72,722,2079443631,2.6045308952989528,11.781787872314451,2.5407791137695312,0.9599516987800598
72,723,883590423,2.698289041239702,14.42410373687744,2.6253976821899414,0.952176868915558
72,724,1216184843,2.5763620376937792,11.646722793579102,2.451280117034912,0.9590245485305786
72,725,586993050,2.8111403491161484,13.208690643310549,2.540968179702759,0.9552124738693236
72,726,1430417018,2.5571667755412903,10.811681747436523,2.4895617961883545,0.9623770713806152
72,727,1509311013,2.64886973106727,13.18287467956543,2.592559099197388,0.9560486674308776
72,728,1870844525,2.652365762942355,13.610448837280272,2.605327844619751,0.9552768468856812
72,729,3033414648,2.6579061874579284,11.44276523590088,2.44358229637146,0.9615190625190736
73,730,2844265914,2.612293099860992,11.399459838867188,2.4114058017730717,0.9611006379127502
73,731,2517477921,2.757800126915203,15.880684852600098,2.535364866256714,0.9453334808349608
73,732,2895598718,2.681025187355519,11.77650260925293,2.5042128562927246,0.9610654711723328
73,733,3234140977,2.6504871948723974,13.172582626342772,2.662982940673828,0.95631742477417
73,734,2280641744,2.6730835298489186,13.897821426391602,2.633368730545044,0.9534379243850708
73,735,1703221697,2.6391066926840643,11.50463581085205,2.4993679523468018,0.9590969681739808
73,736,2693775740,2.600822317758593,12.481264114379885,2.5927414894104004,0.9566181898117064
73,737,3383191647,2.711473624066617,14.210896492004396,2.58350682258606,0.9517624974250792
73,738,3223418997,2.5523106049905757,10.938849449157717,2.4542901515960693,0.962648630142212
73,739,1106209218,2.550611211899234,11.294536590576172,2.4838576316833496,0.9623481631278992
74,740,1847497701,2.5828038980071457,12.335678100585938,2.541055202484131,0.9567627310752868
74,741,1118271490,2.5519155998201453,12.321304321289062,2.5257840156555176,0.9599684476852416
74,742,2920545555,2.6367579999993307,13.213171005249023,2.494040012359619,0.9541431665420532
74,743,2191899800,2.6361632367010186,12.23849391937256,2.553072929382324,0.9566826820373536
74,744,2993805137,2.5394360119633475,10.775938987731934,2.415247678756714,0.9636101722717284
74,745,3546288173,2.669072515609291,14.46983242034912,2.566122055053711,0.9507965445518494
74,746,2986562873,3.028783053685988,14.034472465515137,2.523622989654541,0.9509654641151428
74,747,3872510014,2.682383047254943,14.27195167541504,2.609931230545044,0.9485304951667786
74,748,2038554250,2.9222060320246506,13.523974418640137,2.5689828395843506,0.9516189694404602
74,749,4201457705,2.5507342478460147,10.50711154937744,2.436734437942505,0.9633522629737854
75,750,1550445720,2.6203345262445827,10.70474338531494,2.404632091522217,0.9632631540298462
75,751,1632488422,2.779969428948441,13.54796028137207,2.5799286365509038,0.953689455986023
75,752,3487474752,2.671744098067036,13.885043144226074,2.5569956302642822,0.9509252905845642
75,753,375423987,2.639201690405659,11.610581398010254,2.5259783267974854,0.9600300788879396
75,754,1723811137,2.8578361499502445,14.816837310791016,2.6120495796203613,0.9490991830825806
75,755,2091268889,2.691761718432358,11.855864524841309,2.6136178970336914,0.9599156975746156
75,756,814618190,2.599788189082493,11.492334365844728,2.443617582321167,0.9593294262886048
75,757,2776736396,2.5368306363354485,10.990947723388672,2.440044403076172,0.9623027443885804
75,758,1229713962,2.96975187962407,16.2947940826416,2.6005935668945312,0.9414608478546144
75,759,2339241627,2.542806856591369,10.931875228881836,2.4648470878601074,0.9614514112472534
76,760,2629934694,2.526858105954126,9.99396800994873,2.363072633743286,0.9643873572349548
76,761,1846273982,2.7652102932590714,12.639237403869627,2.5480740070343018,0.9568494558334352
76,762,3720573827,2.6010926245824164,11.396728515625,2.5440316200256348,0.961842954158783
76,763,1834087340,2.531810142098053,10.423542022705078,2.3934760093688965,0.962293267250061
76,764,409921486,2.542784150247756,11.269633293151855,2.538421869277954,0.961706519126892
76,765,4055420069,2.695941612846445,12.850760459899902,2.5073490142822266,0.9547149538993835
76,766,1558054200,2.5348942726472736,11.482660293579102,2.436753034591675,0.9589203596115112
76,767,2603997246,2.673392183346281,14.472469329833984,2.643068552017212,0.9526752233505248
76,768,147275304,2.7136356034603377,13.631306648254396,2.643220901489258,0.9497743844985962
76,769,802548193,2.6520513747470784,12.313836097717283,2.5819873809814453,0.9578578472137452
77,770,1255945824,2.772329521379487,11.717244148254396,2.346808910369873,0.9590288400650024
77,771,2822544694,2.7871483776682977,13.455072402954102,2.561030626296997,0.953969955444336
77,772,3710566443,2.875201171543299,12.918550491333008,2.5956923961639404,0.9560949802398682
77,773,1661085712,2.6140291914492213,11.070423126220703,2.482827663421631,0.9615520238876344
77,774,4240857449,2.514789956714383,10.675054550170898,2.433696746826172,0.964208483695984
77,775,3125720936,2.7118931610755435,11.732742309570312,2.552461624145508,0.9593676328659058
77,776,1691345408,2.613731009787281,11.86977767944336,2.506009817123413,0.9581716060638428
77,777,494442146,2.67022822503398,11.316533088684082,2.473211765289306,0.961387038230896
77,778,1628475302,2.7605246825920697,12.312687873840332,2.5307912826538086,0.9588052034378052
77,779,3292092356,2.527532495189289,11.135992050170898,2.438326597213745,0.9596827030181884
78,780,1252113950,2.978580013555236,15.220230102539062,2.718808889389038,0.9475416541099548
78,781,1659341262,2.614452108824493,12.032772064208984,2.5146825313568115,0.9605286717414856
78,782,1990487624,2.7985287969983346,11.462197303771973,2.411423683166504,0.9608421325683594
78,783,4038094968,2.7990471207348038,14.270315170288086,2.57727599143982,0.9546893835067748
78,784,3298410290,2.765250063865905,13.483097076416016,2.62715220451355,0.9534772038459778
78,785,731066955,2.681507628509166,11.817620277404783,2.478642702102661,0.9573183655738832
78,786,1166373579,2.870648692282241,15.139692306518556,2.5662624835968018,0.9517987966537476
78,787,2840384680,2.6735727719695,14.570283889770508,2.69065260887146,0.9491400122642516
78,788,1180033314,2.540052690886638,10.307893753051758,2.426008462905884,0.9633920788764954
78,789,2298755692,2.6265668279981944,12.142312049865724,2.4381797313690186,0.9568732380867004
79,790,2296382783,2.6378453811367955,12.22146224975586,2.59653377532959,0.9589831829071044
79,791,1569281664,2.518488648878774,10.679608345031738,2.44882607460022,0.9626073241233826
79,792,3549972586,2.6138523420247664,11.379915237426758,2.5658435821533203,0.9618253707885742
79,793,2488195103,2.5946488025423227,11.643770217895508,2.5142126083374023,0.9615209698677064
79,794,318266666,2.606979688249125,11.004740715026855,2.4994678497314453,0.9613797664642334
79,795,1127962298,2.6630272911985293,12.36111831665039,2.5571177005767822,0.9573602080345154
79,796,640111947,2.971960855514864,13.571900367736816,2.5439677238464355,0.9537782073020936
79,797,407594660,2.611938356490968,13.144173622131348,2.599170684814453,0.95426344871521
79,798,2608380531,2.6652768777458298,13.332490921020508,2.6461219787597656,0.953801155090332
79,799,3218026885,2.6089733809173405,11.435439109802246,2.461181640625,0.9594357013702391
80,800,3929870457,2.5657343492746807,11.390893936157228,2.577615261077881,0.9618898034095764
80,801,4272721898,2.553861456687493,11.20407009124756,2.506612539291382,0.9602071046829224
80,802,4033847260,2.623356626807117,11.719247817993164,2.507200241088867,0.9591560363769532
80,803,2382329409,2.5996951492505187,11.469273567199709,2.5124902725219727,0.9609020352363586
80,804,4003486821,2.659348877757843,14.215782165527344,2.731748580932617,0.9513433575630188
80,805,2398165507,2.632208214494693,12.70066738128662,2.63899302482605,0.9545665383338928
80,806,3509971616,2.8490437242865907,14.906492233276367,2.6738414764404297,0.9482316970825196
80,807,2191763669,2.543872604181972,11.556838989257812,2.532227039337158,0.9614124894142152
80,808,1649354197,2.599618300490834,11.328237533569336,2.5695159435272217,0.9620331525802612
80,809,2489298244,2.779611521096872,12.84559154510498,2.5572452545166016,0.954718828201294
81,810,3034688113,2.550222494088213,9.917744636535645,2.35299015045166,0.964203119277954
81,811,3714783621,2.5569022150954908,11.177261352539062,2.506317615509033,0.9611244201660156
81,812,1706098197,2.910255189725058,15.54253387451172,2.669882535934448,0.947304368019104
81,813,2770437527,2.9048072811935,13.367167472839355,2.5445597171783447,0.9542800188064576
81,814,1945787057,2.618356448276492,11.973852157592772,2.5471205711364746,0.9601876735687256
81,815,981137136,2.7475093170432143,14.514168739318848,2.5983455181121826,0.9520477652549744
81,816,29478978,2.6586025135955285,12.187220573425291,2.507894992828369,0.956240177154541
81,817,3718463637,2.711383448214109,13.3759183883667,2.5312070846557617,0.953948736190796
81,818,2973728429,2.719888116435233,13.75346565246582,2.6064014434814453,0.953096568584442
81,819,2842153606,2.618999906612528,13.348560333251951,2.4997525215148926,0.9556691646575928
82,820,1607189381,2.5431774542754964,10.401900291442873,2.459357738494873,0.962658166885376
82,821,1169831434,2.50482552506613,10.830291748046877,2.4317901134490967,0.9643651843070984
82,822,3300868258,2.556586062935306,10.91950798034668,2.4590561389923096,0.9615628719329834
82,823,3603443184,2.486331690755931,9.967498779296877,2.434483528137207,0.965012788772583
82,824,4270839812,2.4633957754372884,10.099803924560549,2.3866851329803467,0.965801239013672
82,825,223030616,2.5921243969495813,11.181160926818848,2.4033737182617188,0.9608745574951172
82,826,1073087049,2.959077307979522,14.502917289733888,2.57614541053772,0.9499124884605408
82,827,2040119061,2.6617175321554543,13.61138153076172,2.593559980392456,0.952778935432434
82,828,471855551,2.5962347489564803,12.040888786315918,2.494462490081787,0.9586049914360046
82,829,1239387566,2.6312290223606487,13.012171745300291,2.613569021224976,0.9542095065116882
83,830,3042228894,2.588784668079581,12.349323272705078,2.567771673202514,0.95679771900177
83,831,3137130028,2.601183735407519,12.152238845825195,2.6193714141845703,0.9557114839553832
83,832,2589333977,2.608092455232968,11.217472076416016,2.4742352962493896,0.9609085321426392
83,833,2598213484,2.62270743779553,11.898208618164062,2.5094830989837646,0.9607853889465332
83,834,2704704608,2.605547174904679,11.492671966552734,2.4542229175567627,0.961575984954834
83,835,4151123380,2.6028177218126705,12.042426109313965,2.434058904647827,0.9587382078170776
83,836,3300857298,2.6279624101143364,12.528376579284668,2.6329894065856934,0.95689594745636
83,837,739649846,2.54967811118351,10.654986381530762,2.484910488128662,0.9623571634292604
83,838,511714756,2.5860358376238186,12.513589859008787,2.5133509635925293,0.958325743675232
83,839,579302040,2.6605079510079204,12.008818626403809,2.5862653255462646,0.9588722586631776
84,840,611522246,2.640957773359756,12.556936264038086,2.5497875213623047,0.9551287889480592
84,841,2840447850,2.890997758376721,14.889625549316406,2.6652097702026367,0.951355516910553
84,842,3135155670,2.7064717515069967,14.69271755218506,2.5912883281707764,0.9499305486679076
84,843,1687237694,2.531711790150457,11.30141830444336,2.486899375915528,0.9611172080039978
84,844,1114007218,2.7426461875359736,13.987613677978516,2.60050630569458,0.9531860947608948
84,845,4188136730,2.571430321185991,11.347003936767578,2.5268211364746094,0.9617286324501038
84,846,2158059603,2.561857415444438,11.491657257080078,2.58237361907959,0.9597839117050172
84,847,1847968172,2.6122534768110865,13.167439460754396,2.554892063140869,0.953981339931488
84,848,1563963765,2.608649706406814,12.095565795898438,2.497087955474853,0.958722710609436
84,849,1770555660,2.777514493101614,12.021262168884276,2.458169221878052,0.9613269567489624
85,850,437661824,2.60504433000879,12.34231948852539,2.5521929264068604,0.9572339057922364
85,851,3202869658,2.5884673128767366,11.236124992370604,2.471299886703491,0.9613217115402222
85,852,261360765,2.6483328664613497,13.703235626220703,2.5814785957336426,0.9529938101768494
85,853,1422088319,2.852911418237299,12.857484817504885,2.570988655090332,0.9557814002037048
85,854,1238383115,2.8380272541513487,15.392398834228516,2.6040456295013428,0.9446631669998168
85,855,144475088,2.705167304807613,12.330117225646973,2.578528642654419,0.9583473801612854
85,856,2545750314,2.9087035783257145,12.8992338180542,2.5866591930389404,0.9566560387611388
85,857,2879265774,2.829035967661905,13.147794723510742,2.663668394088745,0.9557332992553712
85,858,1093934483,2.7009066771085983,13.628478050231934,2.5316638946533203,0.9544000029563904
85,859,3946834186,2.554056407180363,10.624253273010254,2.4113709926605225,0.9629507064819336
86,860,3360691111,2.608369376812236,13.13442039489746,2.6518335342407227,0.9532331824302672
86,861,352784706,2.580400234137304,11.646973609924316,2.509910345077514,0.9611567854881288
86,862,1400729143,2.5746372832462963,10.953380584716797,2.421306133270264,0.9606565833091736
86,863,3541763478,2.5190390562469296,11.41480827331543,2.4506819248199463,0.962203562259674
86,864,4021701052,2.6148258395873047,12.758545875549316,2.5898804664611816,0.9569644331932068
86,865,297236138,2.8539506667005106,16.437541961669922,2.6369175910949707,0.9411736130714417
86,866,3143268490,2.583144407830526,11.948311805725098,2.5310683250427246,0.9583794474601746
86,867,1740565009,2.591450582906305,12.134398460388184,2.5632638931274414,0.9578245878219604
86,868,2651551304,2.614539573322771,12.134023666381836,2.5310423374176025,0.9589684009552002
86,869,2581465724,2.6482379491177577,12.926807403564451,2.613281488418579,0.9565535187721252
87,870,4280917100,2.659295224061326,11.942378044128418,2.6041736602783203,0.9583436250686646
87,871,2315364554,2.9679214707507517,14.101932525634766,2.6504034996032715,0.9543901681900024
87,872,1287044454,2.8569586331358017,14.418464660644531,2.582563877105713,0.9522531628608704
87,873,2315678581,2.706465366733325,11.76663303375244,2.5566139221191406,0.9601212739944458
87,874,2723187364,2.678526409069647,12.67216682434082,2.568301200866699,0.9570719599723816
87,875,2970376787,2.8006443519901305,14.101698875427246,2.629536390304565,0.951662540435791
87,876,2212631892,2.67406155776885,12.639382362365724,2.6121792793273926,0.9548470973968506
87,877,2948747851,2.595704892657713,11.995792388916016,2.6659843921661377,0.9568928480148317
87,878,1785308228,2.589711770852793,12.113691329956056,2.637016534805298,0.9596576690673828
87,879,3177995976,2.695843127742971,11.53884220123291,2.529499292373657,0.9606798887252808
88,880,2824105710,2.618907690504787,11.823328971862791,2.433318853378296,0.9573060274124146
88,881,3751192742,2.5945473932885004,11.490275382995604,2.5399558544158936,0.9591362476348876
88,882,3642689834,2.54026384211774,10.778934478759766,2.387713670730591,0.961720883846283
88,883,2272568247,2.522541545148321,10.377985954284668,2.4354114532470703,0.9642034769058228
88,884,3153524408,2.578995087745532,11.096417427062988,2.486286401748657,0.9621833562850952
88,885,213193658,2.8670428878084837,13.83362865447998,2.505779504776001,0.9525650143623352
88,886,1019118341,2.526748543859885,10.811302185058594,2.5018231868743896,0.9631633758544922
88,887,3161589846,2.681373544180613,12.074172019958496,2.492603302001953,0.9594174027442932
88,888,518366589,2.548007587645151,11.021825790405272,2.454718589782715,0.9612236618995668
88,889,1983058906,2.6773295187004957,13.642056465148926,2.5051770210266118,0.9529508948326112
89,890,2452276680,2.6040165850169856,11.962362289428713,2.55488395690918,0.958442449569702
89,891,2975171017,2.571976818034715,11.05585765838623,2.4880056381225586,0.958549976348877
89,892,565465827,2.6326734196428347,12.080735206604004,2.5228991508483887,0.95708829164505
89,893,848710162,2.5515108296529267,10.913921356201172,2.4688737392425537,0.9643160700798036
89,894,1457523769,2.8044167590389497,13.758492469787598,2.56214451789856,0.9525920152664183
89,895,2736498639,2.5724862811489317,11.8319673538208,2.5273473262786865,0.96027934551239
89,896,3746355517,2.61265463514826,12.491132736206056,2.6042072772979736,0.9567188620567322
89,897,3797397331,3.001467511819868,17.720190048217773,2.7716312408447266,0.940019190311432
89,898,3382520573,2.676772448913487,12.768267631530762,2.584002733230591,0.9555189609527588
89,899,2630143339,2.554453788375091,11.651348114013672,2.4967358112335205,0.9618571400642396
90,900,183919626,2.677177670658895,12.216750144958496,2.563130140304565,0.9576788544654846
90,901,1171289915,2.55753289588995,10.91939926147461,2.498543739318848,0.9610962867736816
90,902,2687056534,2.7482736819219897,11.916817665100098,2.5117790699005127,0.9576053023338318
90,903,1716084227,2.6565524350317595,12.613285064697266,2.528357982635498,0.955300509929657
90,904,38212106,2.639557965761956,13.110089302062988,2.4668867588043213,0.9561257362365724
90,905,1747908424,2.6638083531892245,11.36534023284912,2.464061498641968,0.9607483148574828
90,906,2972136666,2.7185542174926325,12.820557594299316,2.612221002578736,0.9558414816856384
90,907,4286101370,2.656150618766261,11.638340950012209,2.487201452255249,0.9617482423782348
90,908,1447114604,2.644776605135191,12.714401245117188,2.442549705505371,0.9585155844688416
90,909,1552266570,2.601738085422721,11.975069046020508,2.499741315841675,0.9587216973304749
91,910,453749928,2.5222817648347164,11.879477500915527,2.484108686447144,0.9618917107582092
91,911,779438924,2.641180142591216,14.426538467407228,2.6405107975006104,0.94957435131073
91,912,3117467324,3.128457797056753,14.951417922973633,2.5506179332733154,0.9480595588684082
91,913,479493340,2.5937110957165364,13.862188339233398,2.499657154083252,0.9517617225646972
91,914,3921687703,2.6447609568508588,13.85775661468506,2.474393606185913,0.9533255696296692
91,915,3328020429,2.556697475500534,10.98012351989746,2.5036208629608154,0.9619355201721193
91,916,3198473558,2.681915988716565,11.863533973693848,2.431056261062622,0.9580765962600708
91,917,3954503691,2.5347008950302103,10.41970920562744,2.4614453315734863,0.9624521136283876
91,918,4223100708,2.593525623173506,10.67597198486328,2.417142629623413,0.9622692465782166
91,919,3320368072,2.5718905483327843,12.1943941116333,2.529151201248169,0.9591606855392456
92,920,4036592450,2.887876791731008,12.223980903625488,2.536623239517212,0.9593250155448914
92,921,122404343,2.566437025551918,10.830058097839355,2.493391513824463,0.9620157480239868
92,922,219965794,2.661729810443622,13.17478084564209,2.6238560676574707,0.9547194242477416
92,923,1408338988,2.5505370648336694,11.16758632659912,2.5715982913970947,0.9633799195289612
92,924,3614719714,2.712150696730541,12.480352401733398,2.595256090164185,0.9544187784194946
92,925,2894162060,2.7648264005567387,13.94318962097168,2.5646955966949463,0.9523317813873292
92,926,3615903742,2.6714105689533687,12.20926284790039,2.565598487854004,0.9573611617088318
92,927,4033936131,2.584977926801179,10.639906883239746,2.4737837314605717,0.9641757011413574
92,928,2677020208,2.621509594120789,12.801103591918944,2.4913992881774902,0.9568639397621156
92,929,2782902896,2.5604728101280294,11.15379238128662,2.508917570114136,0.9626029133796692
93,930,906921085,2.547816802366321,12.024361610412598,2.535083770751953,0.9563995599746704
93,931,363048846,2.6198377578418075,12.519559860229492,2.565977096557617,0.9587322473526
93,932,3825706033,2.5992005456473253,10.417746543884276,2.425680160522461,0.963309109210968
93,933,3989273058,2.536053703973234,11.428296089172363,2.444448709487915,0.9588927030563354
93,934,63247131,2.5776421544584385,11.934791564941406,2.463311195373535,0.9602243900299072
93,935,3025120826,2.781442353883538,12.894508361816406,2.5186572074890137,0.9532374143600464
93,936,3385258518,2.681871190754252,15.624316215515137,2.6891286373138428,0.9485609531402588
93,937,2942682574,2.6654953233441563,13.000232696533203,2.655781507492065,0.95613032579422
93,938,3595012176,2.762683145634837,13.769518852233888,2.74099349975586,0.9519466161727904
93,939,131720135,2.531911657704061,10.94118595123291,2.3233747482299805,0.963005542755127
94,940,1453192674,2.5932835197021444,12.30568504333496,2.540017604827881,0.956631362438202
94,941,3037727069,2.776389433691233,14.709019660949709,2.555241346359253,0.948152720928192
94,942,1785223130,2.5160738414387374,10.674179077148438,2.3640356063842773,0.9637506008148192
94,943,2392179856,2.688737056139396,13.518731117248535,2.6822285652160645,0.95278662443161
94,944,1528666831,2.709873244984661,12.0892333984375,2.512899875640869,0.9606708288192748
94,945,3859607110,2.581917547699029,11.004304885864258,2.474074125289917,0.959503710269928
94,946,2927201665,2.6756032785732278,12.614192962646484,2.575185060501098,0.9565085172653198
94,947,2216411484,2.567454964446055,12.984317779541016,2.484172344207764,0.9559546709060668
94,948,2300657194,2.645602156063777,12.887028694152832,2.695467948913574,0.9563760757446288
94,949,1808114719,2.602307098050748,11.433402061462402,2.457000732421875,0.9617721438407898
95,950,1352242847,2.546318009218125,11.29788303375244,2.4651966094970703,0.9626696705818176
95,951,1993652452,2.8087473285351225,14.421245574951172,2.530481576919556,0.9498438835144044
95,952,1868422200,2.6877184754497936,11.773947715759276,2.535818576812744,0.960450291633606
95,953,4142588098,2.987486220570616,15.923938751220703,2.590066909790039,0.9444038271903992
95,954,2438133273,2.942416670385676,12.585105895996094,2.425024032592773,0.9580135941505432
95,955,2272185110,2.4793911589000817,9.9346342086792,2.3827829360961914,0.9661102294921876
95,956,3749354685,2.497015073302539,10.343649864196776,2.4012999534606934,0.9640206694602966
95,957,1200245710,2.821748781918457,13.604822158813477,2.474003791809082,0.953408181667328
95,958,3519776747,2.6396921814096603,12.216416358947754,2.6519365310668945,0.9570336937904358
95,959,2196375243,2.793707017594139,13.797259330749512,2.599182367324829,0.9496706128120422
96,960,451527689,2.5905589057632232,12.140864372253418,2.5619711875915527,0.9575850963592528
96,961,2330066519,2.8172798008559576,15.11145305633545,2.6355648040771484,0.9466443061828612
96,962,4192018512,2.575889633161022,11.507067680358888,2.525172472000122,0.9602853059768676
96,963,2580609511,2.85520830822941,16.19155502319336,2.689331293106079,0.9413822889328004
96,964,1029514381,2.6148914109126347,11.793623924255373,2.5819480419158936,0.9596522450447084
96,965,1508147175,2.5877073461336524,11.973891258239746,2.538701295852661,0.9599654674530028
96,966,459218556,2.5373068463995216,10.652510643005373,2.4362521171569824,0.9647258520126344
96,967,384555813,2.5987715919882706,13.111886978149414,2.5131213665008545,0.9551177620887756
96,968,4218180366,2.597846931099994,12.283025741577148,2.565736770629883,0.9570610523223876
96,969,1734981224,2.636502172484249,12.424468040466309,2.587770462036133,0.9598696827888488
97,970,2932684209,2.6814585868898067,13.780425071716309,2.650196313858032,0.9516037106513976
97,971,2934510151,2.7393803609038114,13.73903465270996,2.5334010124206543,0.95324444770813
97,972,3383812121,2.628298808377869,11.738948822021484,2.4996187686920166,0.9611733555793762
97,973,3436360884,2.556955857455485,10.893189430236816,2.401185989379883,0.9609737992286682
97,974,2319227559,2.681798467236876,11.801698684692385,2.4834108352661133,0.9591726660728456
97,975,108444332,2.6799993894355527,12.474319458007812,2.5121748447418213,0.9565247297286988
97,976,1637704222,2.5598839655250005,11.761947631835938,2.467491388320923,0.9604986906051636
97,977,3192741547,2.7030520026183487,14.75285816192627,2.572448253631592,0.9476044178009032
97,978,796068689,2.538905047747073,10.819828987121582,2.506918668746948,0.9615005850791932
97,979,3472900525,2.576174592620598,11.664011001586914,2.469235897064209,0.9571447372436525
98,980,3855409775,2.7449317486651186,14.282011032104492,2.603706359863281,0.9528436660766602
98,981,308323785,2.6617534339689195,14.8283109664917,2.543441772460937,0.9462631940841676
98,982,2997981927,2.553482203459182,10.380648612976074,2.4072699546813965,0.965700626373291
98,983,1781459807,2.6513431615575875,11.039087295532228,2.511537551879883,0.963537871837616
98,984,2448892801,2.682955065920846,12.541056632995604,2.529862642288208,0.9583849906921388
98,985,77432036,2.594228046756412,11.624795913696287,2.5539145469665527,0.9611916542053224
98,986,2375765199,2.5752419822064785,12.37069606781006,2.501490354537964,0.955739974975586
98,987,792361201,2.524826576665049,11.490071296691896,2.510769844055176,0.9609320759773254
98,988,182356209,2.6024012883469227,12.988356590270996,2.5929243564605717,0.9545836448669434
98,989,3947445775,2.5634618881760547,11.596013069152832,2.528364658355713,0.9590054750442504
99,990,3237892213,2.512537951059782,10.314166069030762,2.4277684688568115,0.9650968313217164
99,991,4257850188,2.79204375182723,11.904155731201172,2.416853904724121,0.9593520164489746
99,992,502114947,2.613144479394723,11.88003921508789,2.454235792160034,0.960944652557373
99,993,2271571303,2.469247899807684,9.473247528076172,2.288860559463501,0.9669337272644044
99,994,2686357217,2.6248443785503333,13.546833992004396,2.6310513019561768,0.9513983726501464
99,995,241605328,2.5728780165554896,11.598065376281738,2.5136075019836426,0.9597823619842528
99,996,3902878665,2.73638619157601,14.555829048156738,2.6645660400390625,0.9503360986709596
99,997,2123606928,2.4968332660251544,10.277499198913574,2.3968424797058105,0.9640480875968932
99,998,471715010,2.5835365816262663,11.582915306091309,2.5653908252716064,0.9594476222991944
99,999,3696383060,2.757285560212397,15.908510208129885,2.6724891662597656,0.941608726978302
